_id,ID_EQ_SAUDE,CATEGORIA,SIGLA_CATEGORIA,NOME,TIPO_LOGRADOURO,LOGRADOURO,NUMERO_IMOVEL,TELEFONE,NOME_BAIRRO_POPULAR,GEOMETRIA
1,792,SERVICO DE RESIDENCIA TERAPEUTICA,SRT,SERVICO DE RESIDENCIA TERAPEUTICA FLORESTA,RUA,CAPUTIRA,96,34426473,COLÉGIO BATISTA,POINT (611657.997332679 7798723.12733485)
2,379,CENTRO DE REFERENCIA EM SAUDE MENTAL,CERSAM,CENTRO DE REFERENCIA EM SAUDE MENTAL VENDA NOVA,RUA,DOS CANOEIROS,320,,SANTA MÔNICA,POINT (607141.370161245 7807118.69851206)
3,205,CENTRO DE SAUDE,CS,CENTRO DE SAUDE VENTOSA,RUA,CONSELHEIRO JOAQUIM CAETANO,1782,"32779630, 32779631, 32776479",JARDIM AMÉRICA,POINT (607548.098136581 7793641.41787512)
4,398,CENTRO DE SAUDE,CS,CENTRO DE SAUDE LAJEDO,RUA,JULIO RIBEIRO,681,"32771324, 32778916, 32778556",LAJEDO,POINT (613770.003890319 7806500.86014043)
5,186,ACADEMIA DA CIDADE,ACADEMIA,ACADEMIA DA CIDADE PROVIDENCIA,RUA,RIO GRANDE,375,,MINASLÂNDIA,POINT (611910.834174225 7804403.50728302)
6,185,CENTRO DE CONVIVENCIA,CC,CENTRO DE CONVIVENCIA PROVIDENCIA,RUA,RIO GRANDE,375,,MINASLÂNDIA,POINT (611910.834174225 7804403.50728302)
7,355,CENTRO DE SAUDE,CS,CENTRO DE SAUDE RIO BRANCO,RUA,CRISANTO MUNIZ,120,"32775475, 32775525",RIO BRANCO,POINT (606799.307615703 7808691.59370574)
8,1081,ACADEMIA DA CIDADE,ACADEMIA,ACADEMIA DA CIDADE PILAR,RUA,PROFESSOR OTILIO MACEDO,12,,PILAR,POINT (607517.733638464 7788095.99032613)
9,168,CENTRO DE SAUDE,CS,CENTRO DE SAUDE CABANA,RUA,CENTRO SOCIAL,536,"32777040, 32777041, 32773623",NOVA GAMELEIRA,POINT (604994.215552205 7794475.80856257)
10,319,HOSPITAL DA PREFEITURA DE BELO HORIZONTE,HOSPITAL PBH,HOSPITAL METROPOLITANO DOUTOR CELIO DE CASTRO,RUA,DONA LUIZA,311,,MILIONÁRIOS,POINT (603945.938326638 7789787.83320928)
11,352,CENTRO DE SAUDE,CS,CENTRO DE SAUDE PIRATININGA,RUA,CRAVO DA INDIA,11,"32775431, 32775509",PIRATININGA,POINT (605477.956343633 7808518.48954582)
12,282,CENTRO DE SAUDE,CS,CENTRO DE SAUDE JOAO XXIII,RUA,TOLEDO,481,"32779131, 32779060",OESTE,POINT (604048.166016845 7795126.32562646)
13,453,CENTRO DE SAUDE,CS,CENTRO DE SAUDE MARIANO DE ABREU,RUA,BARREIRO,1007,"32775630, 32775631, 32779041",CASA BRANCA,POINT (616530.764563342 7799094.63263726)
14,424,CENTRO DE SAUDE,CS,CENTRO DE SAUDE GRANJA DE FREITAS,RUA,SAO VICENTE,405,"32775725, 32775752, 32775727",GRANJA DE FREITAS,POINT (616718.194382153 7798240.39176732)
15,166,CENTRO DE SAUDE,CS,CENTRO DE SAUDE VISTA ALEGRE,RUA,SENECA,9,"32779605, 32779604",NOVA CINTRA,POINT (605516.709656736 7793796.11638669)
16,238,ACADEMIA DA CIDADE,ACADEMIA,ACADEMIA DA CIDADE SAO GERALDO,RUA,SILVA ALVARENGA,548,,SÃO GERALDO,POINT (615361.728257933 7799308.1044375)
17,766,SERVICO DE RESIDENCIA TERAPEUTICA,SRT,SERVICO DE RESIDENCIA TERAPEUTICA VILA CLORIS,RUA,DAS SERIEMAS,77,34543651,VILA CLÓRIS,POINT (609852.520609525 7807521.94236213)
18,256,CENTRO DE REFERENCIA EM SAUDE MENTAL,CERSAM,CENTRO DE REFERENCIA EM SAUDE MENTAL ALCOOL E DROGAS NORDESTE,RUA,ANDIROBA,600,,SAO PAULO,POINT (612497.781617057 7802990.91481213)
19,194,CENTRO DE SAUDE,CS,CENTRO DE SAUDE JARDIM DOS COMERCIARIOS,RUA,MARIA DA PAZ MAIA,96,"32775560, 32779485",JARDIM DOS COMERCIÁRIOS,POINT (607186.484880825 7811588.964704)
20,786,SERVICO DE RESIDENCIA TERAPEUTICA,SRT,SERVICO DE RESIDENCIA TERAPEUTICA INCAS,RUA,MARROCOS,292,34527637,COPACABANA,POINT (605532.923064519 7806894.80947565)
21,787,SERVICO DE RESIDENCIA TERAPEUTICA,SRT,SERVICO DE RESIDENCIA TERAPEUTICA MARROCOS,RUA,MARROCOS,244,34964646,COPACABANA,POINT (605540.35053006 7806848.71704069)
22,458,CENTRO DE CONVIVENCIA,CC,CENTRO DE CONVIVENCIA CARLOS PRATES,RUA,MANHUMIRIM,415,,PADRE EUSTÁQUIO,POINT (607872.860714178 7797606.43080824)
23,790,SERVICO DE RESIDENCIA TERAPEUTICA,SRT,SERVICO DE RESIDENCIA TERAPEUTICA MANHUMIRIM,RUA,MANHUMIRIM,915,34133585,CAIÇARAS,POINT (607747.442311188 7798126.89347037)
24,181,ACADEMIA DA CIDADE,ACADEMIA,ACADEMIA DA CIDADE CIAME,RUA,GUARARAPES,1810,,PINDORAMA,POINT (602538.257663757 7798136.54158453)
25,449,CENTRO DE SAUDE,CS,CENTRO DE SAUDE VILA IMPERIAL,RUA,GUILHERME PINTO DA FONSECA,350,"32779104, 32779105, 32771503",MADRE GERTRUDES,POINT (604147.5449323 7793842.62691961)
26,421,CENTRO DE SAUDE,CS,CENTRO DE SAUDE SAO GERALDO,RUA,ITAITUBA,318,"32775682, 32775683, 32775749",SÃO GERALDO,POINT (614914.803497092 7799573.96032331)
27,366,CENTRO DE SAUDE,CS,CENTRO DE SAUDE GENTIL GOMES,RUA,MANOEL PASSOS,580,"32776270, 32776262, 32776280",SANTA CRUZ,POINT (610357.894317966 7802088.7984353)
28,401,CENTRO DE SAUDE,CS,CENTRO DE SAUDE ALCIDES LINS,RUA,PANEMA,255,"32776002, 32776003, 32776090",CONCÓRDIA,POINT (611209.178791393 7799760.30239392)
29,526,ACADEMIA DA CIDADE,ACADEMIA,ACADEMIA DA CIDADE BOA VISTA,RUA,MARIA FRANCISCA,4,,BOA VISTA,POINT (614447.388642768 7799771.83897187)
30,797,SERVICO DE RESIDENCIA TERAPEUTICA,SRT,SERVICO DE RESIDENCIA TERAPEUTICA MOCINHA,RUA,VINTE E OITO DE SETEMBRO,945,34612667,ESPLANADA,POINT (614305.701970381 7798245.23302983)
31,159,UNIDADE DE REFERENCIA SECUNDARIA,URS,UNIDADE DE REFERENCIA SECUNDARIA SAUDADE,RUA,VINTE E OITO DE SETEMBRO,372,,ESPLANADA,POINT (614503.294637501 7798759.71606037)
32,781,SERVICO DE RESIDENCIA TERAPEUTICA,SRT,SERVICO DE RESIDENCIA TERAPEUTICA JOSE PAULO,RUA,URARICOERA,186,34264509,RENASCENÇA,POINT (611075.008403207 7799913.12454815)
33,260,CENTRO DE SAUDE,CS,CENTRO DE SAUDE PRIMEIRO DE MAIO,RUA,VOLTS,81,"32779492, 32779498, 32779499",VILA PRIMEIRO DE MAIO,POINT (612096.217245688 7803378.43593333)
34,220,CENTRO DE SAUDE,CS,CENTRO DE SAUDE MENINO JESUS,RUA,CONGONHAS,692,32778824,SANTO ANTÔNIO,POINT (610720.617414534 7794472.15655837)
35,335,HOSPITAL DA PREFEITURA DE BELO HORIZONTE,HOSPITAL PBH,HOSPITAL ODILON BHERENS,RUA,PEDRO LESSA,50,,SÃO CRISTÓVÃO,POINT (610291.770892556 7798712.59565159)
36,357,ACADEMIA DA CIDADE,ACADEMIA,ACADEMIA DA CIDADE ALTO VERA CRUZ,RUA,PADRE JULIO MARIA,1550,,ALTO VERA CRUZ,POINT (616222.338781259 7797539.74438207)
37,339,CENTRO DE SAUDE,CS,CENTRO DE SAUDE GUARANI,RUA,PACAEMBU,160,"32776770, 32776771, 32778915",GUARANI,POINT (612640.261560647 7805573.79907352)
38,323,DISTRITO SANITARIO,DS,DISTRITO SANITARIO NOROESTE,RUA,PECANHA,144,,CARLOS PRATES,POINT (610270.826448044 7797707.0003376)
39,407,ACADEMIA DA CIDADE,ACADEMIA,ACADEMIA DA CIDADE SANTA MONICA,RUA,COMENDADOR ARTHUR VIANA,345,,RIO BRANCO,POINT (606504.034069358 7807882.63911583)
40,317,CENTRO DE SAUDE,CS,CENTRO DE SAUDE NOSSA SENHORA DE FATIMA,RUA,CORINTO,450,32775248,SERRA,POINT (613608.002093066 7794549.99293731)
41,466,CENTRO DE REFERENCIA EM SAUDE MENTAL,CERSAM,CENTRO DE REFERENCIA EM SAUDE MENTAL NOROESTE,RUA,CAMARUGI,10,,PADRE EUSTÁQUIO,POINT (607839.613469976 7797565.33917232)
42,465,CENTRO DE REFERENCIA EM SAUDE MENTAL INFANTIL,CERSAMI,CENTRO DE REFERENCIA EM SAUDE MENTAL INFANTO-JUVENIL,RUA,CAMARUGI,10,,PADRE EUSTÁQUIO,POINT (607839.613469976 7797565.33917232)
43,234,CENTRO DE SAUDE,CS,CENTRO DE SAUDE SANTA TEREZINHA,RUA,SENADOR VIRGILIO TAVORA,157,"32777102, 32777103, 32463005",SANTA TEREZINHA,POINT (604014.522972117 7802079.18039302)
44,446,ACADEMIA DA CIDADE,ACADEMIA,ACADEMIA DA CIDADE CONJUNTO BETANIA,RUA,ONA,105,,BETÂNIA,POINT (605087.884524124 7792145.70232369)
45,447,CENTRO DE SAUDE,CS,CENTRO DE SAUDE CONJUNTO BETANIA,RUA,ONA,105,"32775982, 32775983, 32771506",BETÂNIA,POINT (605087.884524124 7792145.70232369)
46,742,UNIDADE DE PRONTO ATENDIMENTO,UPA,UNIDADE DE PRONTO ATENDIMENTO NOROESTE,RUA,PEREIRA PASSOS,30,,SÃO CRISTÓVÃO,POINT (610167.851474068 7798741.05567491)
47,534,CENTRO DE SAUDE,CS,CENTRO DE SAUDE DOM BOSCO,RUA,OLINTO MAGALHAES,1939,"32777219, 32777221",DOM BOSCO,POINT (604710.300272066 7797936.60451014)
48,426,ACADEMIA DA CIDADE,ACADEMIA,ACADEMIA DA CIDADE VISTA ALEGRE,RUA,AGUANIL,425,,VISTA ALEGRE,POINT (605018.009247629 7793308.92555704)
49,371,CENTRO DE SAUDE,CS,CENTRO DE SAUDE CICERO IDELFONSO,RUA,AGUANIL,238,"32779088, 32779089",VISTA ALEGRE,POINT (604861.016610009 7793205.09668704)
50,765,SERVICO DE RESIDENCIA TERAPEUTICA,SRT,SERVICO DE RESIDENCIA TERAPEUTICA ALCIDES LINS,RUA,JATAI,1012,34264509,CONCÓRDIA,POINT (611441.205965052 7799533.11076498)
51,233,CENTRO DE SAUDE,CS,CENTRO DE SAUDE FELICIDADE II,RUA,SONIA BRAZ XAVIER,60,"32777487, 32777488, 32771301",JARDIM FELICIDADE,POINT (611976.968431101 7807530.1966726)
52,419,ACADEMIA DA CIDADE,ACADEMIA,ACADEMIA DA CIDADE BAIRRO DAS INDUSTRIAS,RUA,DOS INDUSTRIARIOS,289,,BAIRRO DAS INDÚSTRIAS I,POINT (604595.739553163 7792355.20967908)
53,196,CENTRO DE SAUDE,CS,CENTRO DE SAUDE COPACABANA,RUA,INGLATERRA,940,"32777415, 32777442",COPACABANA,POINT (606174.291120339 7806544.3411864)
54,285,CENTRO DE SAUDE,CS,CENTRO DE SAUDE VERA CRUZ,PCA,PADRE LEO VERHEYEN,36,"32775606, 32775607",VERA CRUZ,POINT (615511.316096996 7797886.76379871)
55,210,CENTRO DE SAUDE,CS,CENTRO DE SAUDE PEDREIRA PRADO LOPES,RUA,ESCRAVO ISIDORO,601,"32776008, 32776009",PEDREIRA PRADO LOPES,POINT (609858.039482588 7799040.06899534)
56,341,CENTRO DE SAUDE,CS,CENTRO DE SAUDE SAGRADA FAMILIA - MARCO ANTONIO DE MENEZES,AVE,PETROLINA,869,"32775717, 32775767",SAGRADA FAMÍLIA,POINT (613504.18691338 7798603.45786627)
57,427,ACADEMIA DA CIDADE,ACADEMIA,ACADEMIA DA CIDADE AMILCAR VIANA,RUA,NELSON DE SENNA,120,,CINQÜENTENÁRIO,POINT (606257.450341531 7792864.40603363)
58,174,CENTRO DE SAUDE,CS,CENTRO DE SAUDE AMILCAR VIANA MARTINS,RUA,NELSON DE SENNA,90,"32771544, 32771545, 32776483",CINQÜENTENÁRIO,POINT (606277.85056032 7792883.47215278)
59,288,CENTRO DE REFERENCIA EM SAUDE MENTAL,CERSAM,CENTRO DE REFERENCIA EM SAUDE MENTAL PAMPULHA,RUA,DO MEL,77,,SANTA AMÉLIA,POINT (607740.589125826 7805648.06395712)
60,191,CENTRO DE SAUDE,CS,CENTRO DE SAUDE MARIA GORETTI,RUA,BARREIRO GRANDE,57,"32776676, 32776677, 32779541",MARIA GORETTI,POINT (614199.583700392 7803419.98747563)
61,170,ACADEMIA DA CIDADE,ACADEMIA,ACADEMIA DA CIDADE PARQUE JACQUES COUSTEAU,RUA,AUGUSTO JOSE DOS SANTOS,366,,ESTRELA DO ORIENTE,POINT (605682.15427669 7791985.95483983)
62,156,CENTRO DE REABILITACAO,CREAB,CENTRO DE REABILITACAO SAGRADA FAMILIA,RUA,BICAS,58,,SAGRADA FAMÍLIA,POINT (612208.558628376 7798381.73299772)
63,643,LABORATORIO,LABORATORIO,LABORATORIO DISTRITAL CENTRO SUL - PAMPULHA,RUA,BICAS,58,,SAGRADA FAMÍLIA,POINT (612207.615465409 7798386.50776024)
64,644,LABORATORIO,LABORATORIO,LABORATORIO DISTRITAL LESTE - NORDESTE,RUA,BICAS,58,,SAGRADA FAMÍLIA,POINT (612208.558628376 7798381.73299772)
65,363,ACADEMIA DA CIDADE,ACADEMIA,ACADEMIA DA CIDADE JARDIM LEBLON,RUA,MARIA ALINE LOPES,19,,RIO BRANCO,POINT (605801.44690612 7808063.12237898)
66,528,ACADEMIA DA CIDADE,ACADEMIA,ACADEMIA DA CIDADE SAO MARCOS,RUA,MARIA APARECIDA,150,,SÃO MARCOS,POINT (613873.798638103 7802616.13109827)
67,785,SERVICO DE RESIDENCIA TERAPEUTICA,SRT,SERVICO DE RESIDENCIA TERAPEUTICA MOSSORO,RUA,MOSSORO,34,34211594,NOVA FLORESTA,POINT (611481.799176732 7800289.33571179)
68,686,ACADEMIA DA CIDADE,ACADEMIA,ACADEMIA DA CIDADE PETROPOLIS,RUA,FREDERICO BOY PRUSSIANO,137,,PETRÓPOLIS,POINT (601759.593526832 7786776.45522949)
69,445,ACADEMIA DA CIDADE,ACADEMIA,ACADEMIA DA CIDADE CONFISCO,RUA,CECILIA MAGALHAES GOMES,127,,CONFISCO,POINT (602713.749280272 7803116.32928437)
70,257,CENTRO DE SAUDE,CS,CENTRO DE SAUDE NAZARE,RUA,CRUZ DE MALTA,73,"32776730, 32776731, 32469500, 32469551",NAZARÉ,POINT (615845.239829916 7804517.25413018)
71,216,CENTRO DE SAUDE,CS,CENTRO DE SAUDE ALTO VERA CRUZ,RUA,GENERAL OSORIO,959,"32775601, 32779038",ALTO VERA CRUZ,POINT (616246.713496998 7798040.17252137)
72,961,CENTRO DE CONTROLE DE ZOONOSES,CCZ,CENTRO DE APOIO ZOONOSES LESTE,RUA,ANTONIO JUSTINO,358,,POMPÉIA,POINT (614722.649083035 7798063.84006548)
73,388,FARMACIA DISTRITAL,FARMACIA,FARMACIA DISTRITAL VENDA NOVA,RUA,HAIA,148,,EUROPA,POINT (608103.249603807 7810004.8271506)
74,420,ACADEMIA DA CIDADE,ACADEMIA,ACADEMIA DA CIDADE MILIONARIOS,RUA,DAVID FONSECA,1386,,MILIONÁRIOS,POINT (604414.932925285 7790035.24190179)
75,881,SERVICO DE RESIDENCIA TERAPEUTICA,SRT,UNIDADE DE ACOLHIMENTO TRANSITORIA ADULTO,RUA,ADOLFO CIOLETTI,855,25202833,CARDOSO,POINT (603513.223889386 7787563.70569238)
76,158,CENTRO DE SAUDE,CS,CENTRO DE SAUDE TAQUARIL,RUA,DESEMBARGADOR BRAULIO,2200,"32771127, 32775604, 32775634",TAQUARIL,POINT (616399.443025048 7797174.6586942)
77,346,ANEXO DO CENTRO DE SAUDE,ANEXO CS,ANEXO DO CENTRO DE SAUDE NS DE FÁTIMA - ACABA MUNDO,RUA,DESENGANO,25,,ACABA MUNDO,POINT (612118.307862556 7792511.37789149)
78,521,ACADEMIA DA CIDADE,ACADEMIA,ACADEMIA DA CIDADE TUNEL DE IBIRITE,RUA,WALDIR CESAR BRANQUINHO,111,,TÚNEL DE IBIRITÉ,POINT (599760.623833335 7789564.90763697)
79,207,CENTRO DE SAUDE,CS,CENTRO DE SAUDE LISANDRA ANGELICA DAVID JUSTINO - TUNEL DE IBIRITE,RUA,WALDIR CESAR BRANQUINHO,121,"32779123, 32775964",TÚNEL DE IBIRITÉ,POINT (599750.56867293 7789562.51168899)
80,299,DISTRITO SANITARIO,DS,DISTRITO SANITARIO LESTE,RUA,SALINAS,1470,,SANTA TEREZA,POINT (612908.270806828 7797554.8206388)
81,1046,ANEXO DO CENTRO DE SAUDE,ANEXO CS,ANEXO DO CENTRO DE SAUDE HORTO,RUA,MONTE ALVERNE,151,,FLORESTA,POINT (611866.792356414 7798370.44422665)
82,259,CENTRO DE SAUDE,CS,CENTRO DE SAUDE SAO TOMAZ,RUA,SANTA ROSA,54,"32777997, 32777347, 32771556",SÃO TOMÁZ,POINT (609592.424346126 7805325.66957956)
83,791,SERVICO DE RESIDENCIA TERAPEUTICA,SRT,SERVICO DE RESIDENCIA TERAPEUTICA BARREIRO,RUA,TELESCOPIO,151,33213962,MIRAMAR,POINT (603481.495277288 7788697.09848569)
84,219,CENTRO DE SAUDE,CS,CENTRO DE SAUDE BAIRRO DAS INDUSTRIAS - CENTRO DE SAUDE DR. JOSE DOMINGOS,RUA,MARIA DE LOURDES MANSO,80,"32775978, 32775899, 32462029",BAIRRO DAS INDÚSTRIAS I,POINT (604541.053113792 7792230.17512949)
85,204,ACADEMIA DA CIDADE,ACADEMIA,ACADEMIA DA CIDADE REGINA,RUA,ARISTOLINO BASILIO DE OLIVEIRA,445,,LINDÉIA,POINT (598879.819237328 7790142.77001476)
86,413,CENTRO DE SAUDE,CS,CENTRO DE SAUDE REGINA,RUA,ARISTOLINO BASILIO DE OLIVEIRA,467,"32462071, 32778922, 32778935, 32778920",LINDÉIA,POINT (598892.39414988 7790170.35440003)
87,444,CENTRO DE ESPECIALIDADES MEDICAS,CEM,CENTRO DE ESPECIALIDADES MEDICAS PAMPULHA,RUA,DOUTOR JOAO CARVALHAES DE PAIVA,73,,SÃO CRISTÓVÃO,POINT (610183.041189669 7798822.53327411)
88,661,UNIDADE DE PRONTO ATENDIMENTO,UPA,UNIDADE DE PRONTO ATENDIMENTO ODILON BEHRENS,RUA,DOUTOR JOAO CARVALHAES DE PAIVA,85,,SÃO CRISTÓVÃO,POINT (610141.506871951 7798807.15640402)
89,358,CENTRO DE SAUDE,CS,CENTRO DE SAUDE CEU AZUL,RUA,ALICE MARQUES,187,"32777300, 32777301",CÉU AZUL,POINT (604889.068972304 7808178.75884151)
90,372,ACADEMIA DA CIDADE,ACADEMIA,ACADEMIA DA CIDADE CEU AZUL,RUA,RADIALISTA CAETANO SILVA,105,,CÉU AZUL,POINT (604897.083932959 7807448.47748817)
91,798,SERVICO DE RESIDENCIA TERAPEUTICA,SRT,SERVICO DE RESIDENCIA TERAPEUTICA SAO JOAO BATISTA,RUA,GERALDO JACOB,64,34518678,SANTA MÔNICA,POINT (606979.937561247 7807700.31761403)
92,221,CENTRO DE SAUDE,CS,CENTRO DE SAUDE PROVIDENCIA,RUA,SAO SEBASTIAO,30,"32776760, 32776761",MINASLÂNDIA,POINT (612121.466020922 7804400.44790575)
93,164,CENTRO DE SAUDE,CS,CENTRO DE SAUDE NOSSA SENHORA APARECIDA,RUA,PAULINO MARQUES GONTIJO,109,"32775244, 32778263",NOVO SÃO LUCAS,POINT (613303.136737756 7795847.42884799)
94,324,CENTRO DE SAUDE,CS,CENTRO DE SAUDE MINAS CAIXA,RUA,CAPITAO SERGIO PIRES,226,"32775418, 32775419",MINASCAIXA,POINT (609157.942564327 7809725.97391037)
95,303,CENTRO DE SAUDE,CS,CENTRO DE SAUDE JAQUELINE,RUA,AGENOR DE PAULA ESTRELA,1100,"32775490, 32775491, 32775440",JAQUELINE,POINT (611381.343774448 7810095.99859292)
96,249,CENTRO DE ESPECIALIDADES MEDICAS,CEM,CENTRO DE ESPECIALIDADES MEDICAS VENDA NOVA,RUA,PADRE PEDRO PINTO,173,,SÃO JOÃO BATISTA,POINT (609638.325094722 7808092.3602996)
97,360,LABORATORIO,LABORATORIO,LABORATORIO DISTRITAL VENDA NOVA - NORTE,RUA,PADRE PEDRO PINTO,2277,,CANDELÁRIA,POINT (607944.327446691 7809299.33075235)
98,300,UNIDADE DE PRONTO ATENDIMENTO,UPA,UNIDADE DE PRONTO ATENDIMENTO VENDA NOVA,RUA,PADRE PEDRO PINTO,175,,SÃO JOÃO BATISTA,POINT (609616.757832644 7808078.64921854)
99,308,CENTRO DE REGULACAO DE ALTA COMPLEXIDADE,CENTRO DE REGULACAO,CENTRO DE REGULACAO DE ALTA COMPLEXIDADE,RUA,FREDERICO BRACHER JUNIOR,144,,PADRE EUSTÁQUIO,POINT (607952.251703059 7797586.75481323)
100,307,CENTRO MUNICIPAL DE OFTALMOLOGIA,CMO,CENTRO MUNICIPAL DE OFTALMOLOGIA,RUA,FREDERICO BRACHER JUNIOR,144,,PADRE EUSTÁQUIO,POINT (607952.251703059 7797586.75481323)
101,306,LABORATORIO,LABORATORIO,LABORATORIO MUNICIPAL,RUA,FREDERICO BRACHER JUNIOR,144,,PADRE EUSTÁQUIO,POINT (607952.251703059 7797586.75481323)
102,190,CENTRO DE SAUDE,CS,CENTRO DE SAUDE SAO BERNARDO - AMELIA ROCHA DE MELO,RUA,ARMANDO RIBEIRO DOS SANTOS,265,"32776742, 32779201, 32779208",SÃO BERNARDO,POINT (611156.550502446 7804977.83260028)
103,510,ACADEMIA DA CIDADE,ACADEMIA,ACADEMIA DA CIDADE LAGOA,RUA,JOSE SABINO MACIEL,120,,LAGOA,POINT (604644.835310101 7809278.44500358)
104,416,CENTRO DE SAUDE,CS,CENTRO DE SAUDE LAGOA,RUA,JOSE SABINO MACIEL,176,"32775563, 32775552",LAGOA,POINT (604620.411119297 7809323.5858153)
105,648,SERVICO DE RESIDENCIA TERAPEUTICA,SRT,SERVICO DE RESIDENCIA TERAPEUTICA TEOFILO OTONI,RUA,TEOFILO OTONI,285,32781983,CARLOS PRATES,POINT (609189.144839143 7797800.24135866)
106,503,CENTRO DE SAUDE,CS,CENTRO DE SAUDE OSWALDO CRUZ,RUA,UBERABA,270,"32778763, 32778880",BARRO PRETO,POINT (609293.256869224 7796972.64981252)
107,414,CENTRO DE SAUDE,CS,CENTRO DE SAUDE TIROL - FRANCISCO GOMES BARBOSA,AVE,NELIO CERQUEIRA,15,"32779168, 32779166, 32779167",TIROL,POINT (600908.354655047 7789869.61561454)
108,450,ACADEMIA DA CIDADE,ACADEMIA,ACADEMIA DA CIDADE PARQUE DAS AGUAS,AVE,XIMANGO,809,,SERRA DO CURRAL,POINT (604700.717396895 7788229.73940659)
109,621,ACADEMIA DA CIDADE,ACADEMIA,ACADEMIA DA CIDADE VILA SANTA RITA,RUA,ANA RAFAEL DOS SANTOS,149,,SANTA RITA,POINT (601426.432806319 7787199.90902558)
110,201,ACADEMIA DA CIDADE,ACADEMIA,ACADEMIA DA CIDADE TIA AMANCIA,RUA,IRAI,248,,CORAÇÃO DE JESUS,POINT (609877.985313379 7793948.47924723)
111,202,CENTRO DE SAUDE,CS,CENTRO DE SAUDE TIA AMANCIA,RUA,IRAI,248,32778829,CORAÇÃO DE JESUS,POINT (609877.911967341 7793948.78531137)
112,399,CENTRO DE SAUDE,CS,CENTRO DE SAUDE ITAMARATI,RUA,ANITA BLUMBERG,63,"32777876, 32777877, 32771596",OURO PRETO,POINT (605970.618647696 7802758.41213737)
113,171,ACADEMIA DA CIDADE,ACADEMIA,ACADEMIA DA CIDADE VILA VENTOSA,RUA,DONA NICOLINA LIMA,316,,HAVAÍ,POINT (607271.796385911 7793436.31962228)
114,971,CENTRO DE CONVIVENCIA,CC,CENTRO DE CONVIVENCIA CENTRO SUL,RUA,MARTIM DE CARVALHO,382,,SANTO AGOSTINHO,POINT (609572.005608897 7795948.68811378)
115,434,ACADEMIA DA CIDADE,ACADEMIA,ACADEMIA DA CIDADE CENTRO DE REFERENCIA DO IDOSO,RUA,PERDIZES,366,,MONSENHOR MESSIAS,POINT (607499.604401616 7797921.62646451)
116,145,CENTRO DE SAUDE,CS,CENTRO DE SAUDE CARLOS CHAGAS,AVE,FRANCISCO SALES,1715,32460235,SANTA EFIGÊNIA,POINT (612658.707514337 7796035.9104831)
117,206,ACADEMIA DA CIDADE,ACADEMIA,ACADEMIA DA CIDADE SANTA LUCIA,RUA,PRINCIPAL,456,,VILA BARRAGEM SANTA LÚCIA,POINT (610467.402308722 7793301.00791973)
118,788,SERVICO DE RESIDENCIA TERAPEUTICA,SRT,SERVICO DE RESIDENCIA TERAPEUTICA FLORAMAR,RUA,ALVARO CAMARGOS SOBRINHO,187,34351377,FLORAMAR,POINT (611899.55108138 7805780.19153581)
119,161,CENTRO DE CONVIVENCIA,CC,CENTRO DE CONVIVENCIA ARTHUR BISPO,RUA,ANHANGUERA,356,,HORTO,POINT (613028.640826987 7797912.20856806)
120,154,CENTRO DE SAUDE,CS,CENTRO DE SAUDE HORTO,RUA,ANHANGUERA,224,"32468521, 32468537, 32468534",SANTA TEREZA,POINT (612993.659535717 7797777.95780018)
121,198,CENTRO DE ESPECIALIDADES ODONTOLOGICAS,CEO,CENTRO DE ESPECIALIDADES ODONTOLOGICAS VENDA NOVA,RUA,EUGENIO VOLPINI,143,,SÃO JOÃO BATISTA,POINT (608908.159448914 7807416.65396575)
122,268,CENTRO DE SAUDE,CS,CENTRO DE SAUDE BETANIA,RUA,DAS CANOAS,678,"32775980, 32775981, 32771386",ESTRELA DO ORIENTE,POINT (605822.539775829 7792399.59064546)
123,428,CENTRO DE SAUDE,CS,CENTRO DE SAUDE PALMEIRAS,AVE,DOM JOAO VI,1821,"32776485, 32776486, 32776595",PALMEIRAS,POINT (606912.879521241 7791274.70961173)
124,408,ACADEMIA DA CIDADE,ACADEMIA,ACADEMIA DA CIDADE VALE DO JATOBA,AVE,SENADOR LEVINDO COELHO,2280,,VALE DO JATOBÁ,POINT (600966.784707728 7787337.8809418)
125,280,CENTRO DE SAUDE,CS,CENTRO DE SAUDE BOA VISTA,RUA,GURUA,833,"32775680, 32775681",BOA VISTA,POINT (615448.084050889 7800053.10107936)
126,228,CENTRO DE SAUDE,CS,CENTRO DE SAUDE CAFEZAL,RUA,BELA VISTA,30,32775243,SANTANA DO CAFEZAL,POINT (613945.166420484 7795212.94799473)
127,365,ACADEMIA DA CIDADE,ACADEMIA,ACADEMIA DA CIDADE ZILAH SPOSITO,RUA,COQUILHO,75,,JAQUELINE,POINT (612270.94760324 7809755.43316499)
128,364,CENTRO DE SAUDE,CS,CENTRO DE SAUDE ZILAH SPOSITO,RUA,COQUILHO,85,"32775482, 32469066",JAQUELINE,POINT (612258.657649387 7809764.95557939)
129,350,CENTRO DE SAUDE,CS,CENTRO DE SAUDE NOVA YORK,RUA,WILTON MARQUES PEREIRA,10,"32775416, 32775430",JARDIM DOS COMERCIÁRIOS,POINT (608089.990286179 7810960.15269686)
130,464,CENTRO DE SAUDE,CS,CENTRO DE SAUDE JAQUELINE II,RUA,JOAO PEREIRA LIMA,55,"32775451, 32775534, 32771896",JAQUELINE,POINT (610589.478855018 7809735.12204829)
131,533,CENTRO DE SAUDE,CS,CENTRO DE SAUDE CAMARGOS,RUA,LUIZA EFIGENIA SILVA,413,"32462132, 32462133, 32462134",CAMARGOS,POINT (602748.480776447 7794860.97963686)
132,199,ACADEMIA DA CIDADE,ACADEMIA,ACADEMIA DA CIDADE SERRA VERDE,RUA,JOAO BATISTA FERNANDES,85,,SERRA VERDE,POINT (609254.097354663 7810483.34974871)
133,969,CENTRO DE CONTROLE DE ZOONOSES,CCZ,CENTRO DE CONTROLE DE ZOONOSES NORDESTE,RUA,ILACIR PEREIRA LIMA,578,,SILVEIRA,POINT (612002.009617561 7800443.75331289)
134,279,DISTRITO SANITARIO,DS,DISTRITO SANITARIO NORDESTE,RUA,ILACIR PEREIRA LIMA,678,,SILVEIRA,POINT (612001.985535651 7800443.77068997)
135,347,ACADEMIA DA CIDADE,ACADEMIA,ACADEMIA DA CIDADE SAO BERNARDO,RUA,MARIA AMELIA MAIA,270,,SÃO BERNARDO,POINT (610376.059912949 7805432.31787161)
136,823,SERVICO DE RESIDENCIA TERAPEUTICA,SRT,SERVICO DE RESIDENCIA TERAPEUTICA GUARANI,RUA,MARIA AMELIA MAIA,680,34454668,HELIÓPOLIS,POINT (611120.684527195 7805118.01197036)
137,305,ACADEMIA DA CIDADE,ACADEMIA,ACADEMIA DA CIDADE MINASCAIXA,RUA,JULITA NUNES LIMA,147,,CONJUNTO MINASCAIXA,POINT (609031.352362696 7809667.13588668)
138,800,SERVICO DE RESIDENCIA TERAPEUTICA,SRT,SERVICO DE RESIDENCIA TERAPEUTICA ANA FLOR,RUA,ICARAI,356,34117604,CAIÇARAS,POINT (607879.45215815 7798350.90683788)
139,173,ACADEMIA DA CIDADE,ACADEMIA,ACADEMIA DA CIDADE DIAMANTE,RUA,MARIA MARCOLINA SOUZA,40,,TEIXEIRA DIAS,POINT (602947.60967035 7789110.5001303)
140,172,CENTRO DE SAUDE,CS,CENTRO DE SAUDE DIAMANTE - TEIXEIRA DIAS,RUA,MARIA MARCOLINA SOUZA,40,"32775933, 32779142, 32462064",TEIXEIRA DIAS,POINT (602947.60967035 7789110.5001303)
141,438,ACADEMIA DA CIDADE,ACADEMIA,ACADEMIA DA CIDADE VILA BIQUINHAS,RUA,CORONEL JOAQUIM TIBURCIO,850,,HELIÓPOLIS,POINT (610968.206759101 7805602.18519915)
142,211,CENTRO DE SAUDE,CS,CENTRO DE SAUDE MILIONARIOS,RUA,DOS CRUZEIRENSES,30,"32775934, 32775935, 32779079",MILIONÁRIOS,POINT (604695.596727587 7790296.19878477)
143,383,CENTRO DE CONTROLE DE ZOONOSES,CCZ,CENTRO DE CONTROLE DE ZOONOSES,RUA,EDNA QUENTEL,225,,SÃO BERNARDO,POINT (610496.737844221 7805092.56702691)
144,385,LABORATORIO,LABORATORIO,LABORATORIO ZOONOSES,RUA,EDNA QUENTEL,225,,SÃO BERNARDO,POINT (610496.737844221 7805092.56702691)
145,384,CENTRO DE ESTERILIZACAO DE CAES E GATOS,CECG,CENTRO DE ESTERILIZACAO DE CAES E GATOS NORTE,RUA,EDNA QUENTEL,225,,SÃO BERNARDO,POINT (610496.737844221 7805092.56702691)
146,315,ACADEMIA DA CIDADE,ACADEMIA,ACADEMIA DA CIDADE RISOLETA NEVES,RUA,DAS GABIROBAS,1,,VILA CLÓRIS,POINT (610051.066451712 7808299.03435978)
147,381,CENTRO DE CONVIVENCIA,CC,CENTRO DE CONVIVENCIA OESTE,RUA,GENERAL ANDRADE NEVES,25,,GUTIERREZ,POINT (608704.412882205 7795847.47883781)
148,801,SERVICO DE RESIDENCIA TERAPEUTICA,SRT,SERVICO DE RESIDENCIA TERAPEUTICA JOSE CESAR,RUA,GENERAL ANDRADE NEVES,25,33347532,GUTIERREZ,POINT (608704.413108843 7795847.49067489)
149,505,ACADEMIA DA CIDADE,ACADEMIA,ACADEMIA DA CIDADE SAO FRANCISCO,RUA,MAJOR DELFINO DE PAULA,2553,,SÃO FRANCISCO,POINT (608952.316121962 7801335.0229268)
150,393,CENTRO DE SAUDE,CS,CENTRO DE SAUDE PARAISO,AVE,MEM DE SA,1001,"32775227, 32775028, 32778253",PARAÍSO,POINT (614259.209400496 7796514.62304254)
151,321,CENTRO DE SAUDE,CS,CENTRO DE SAUDE SANTOS ANJOS,RUA,MIOSOTIS,15,"32776026, 32776088",SANTO ANDRÉ,POINT (609224.981278454 7798694.19939609)
152,454,DISTRITO SANITARIO,DS,DISTRITO SANITARIO BARREIRO,AVE,OLINTO MEIRELES,327,,BAIRRO DAS INDÚSTRIAS I,POINT (603246.109233865 7791171.98052194)
153,163,CENTRO DE CONVIVENCIA,CC,CENTRO DE CONVIVENCIA CESAR CAMPOS,RUA,ORENOCO,68,,CARMO,POINT (611975.052809603 7794760.39011157)
154,382,CENTRO DE REFERENCIA EM SAUDE MENTAL,CERSAM,CENTRO DE REFERENCIA EM SAUDE MENTAL OESTE,RUA,OSCAR TROMPOWSKY,1325,,SÃO JORGE II,POINT (608545.383529113 7794563.92010247)
155,440,CENTRO DE SAUDE,CS,CENTRO DE SAUDE SAO JORGE,RUA,OSCAR TROMPOWSKY,1698,"32777036, 32777037, 32776598",NOVA GRANADA,POINT (608318.431624277 7794279.06753298)
156,340,CENTRO DE SAUDE,CS,CENTRO DE SAUDE ERMELINDA,AVE,PAES DE ABREU,114,"32776078, 32776081, 32776100, 32776109",ERMELINDA,POINT (609044.669401234 7800313.27983696)
157,368,CENTRO DE SAUDE,CS,CENTRO DE SAUDE SAO MARCOS,RUA,PAULISTA,571,"32771147, 32771148, 32771113",FERNÃO DIAS,POINT (613623.47954281 7802423.56029549)
158,796,SERVICO DE RESIDENCIA TERAPEUTICA,SRT,SERVICO DE RESIDENCIA TERAPEUTICA ITAQUERA,RUA,DA PAZ,51,33713856,CALAFATE,POINT (606596.852316937 7796194.46960146)
159,296,UNIDADE DE PRONTO ATENDIMENTO,UPA,UNIDADE DE PRONTO ATENDIMENTO NORDESTE,RUA,JOAQUIM GOUVEIA,560,,SAO PAULO,POINT (612500.585204118 7802941.1849345)
160,265,ACADEMIA DA CIDADE,ACADEMIA,ACADEMIA DA CIDADE SAO PAULO,RUA,AIURUOCA,501,,SAO PAULO,POINT (612596.921403027 7802962.67056116)
161,264,CENTRO DE CONVIVENCIA,CC,CENTRO DE CONVIVENCIA SAO PAULO,RUA,AIURUOCA,501,,SAO PAULO,POINT (612596.921403027 7802962.67056116)
162,192,CENTRO DE SAUDE,CS,CENTRO DE SAUDE SAO PAULO,RUA,AIURUOCA,455,"32776674, 32776675",SAO PAULO,POINT (612624.147320557 7802916.58161134)
163,405,CENTRO DE SAUDE,CS,CENTRO DE SAUDE JOAO PINHEIRO,RUA,BARAO DE AIURUOCA,621,"32779660, 32779661",JOÃO PINHEIRO,POINT (604266.264625215 7796213.25864708)
164,330,UNIDADE DE PRONTO ATENDIMENTO,UPA,UNIDADE DE PRONTO ATENDIMENTO OESTE,AVE,BARAO HOMEM DE MELO,1710,,JARDIM AMÉRICA,POINT (607977.855049598 7793598.29665233)
165,1261,CENTRO DE REFERENCIA EM SAUDE MENTAL,CERSAM,CENTRO DE REFERENCIA EM SAUDE MENTAL PARA A INFANCIA E ADOLESCENCIA NOROESTE,RUA,BENFICA,415,,PADRE EUSTÁQUIO,POINT (607937.038938955 7797279.7143564)
166,289,CENTRO DE SAUDE,CS,CENTRO DE SAUDE BOM JESUS,RUA,BERNARDO CISNEIROS,659,"32776004, 32776108, 32776054",APARECIDA,POINT (609322.224520236 7799823.70948759)
167,967,CENTRO DE CONTROLE DE ZOONOSES,CCZ,CENTRO DE APOIO ZOONOSES LESTE,RUA,MARCELINO RAMOS,325,,BOA VISTA,POINT (615424.362331062 7800210.47898014)
168,524,CENTRO DE SAUDE,CS,CENTRO DE SAUDE MANTIQUEIRA,RUA,CESAR SALLES BARBOSA,600,"32775565, 32775564, 32775480",MANTIQUEIRA,POINT (606776.112934553 7810377.29059514)
169,262,CENTRO DE SAUDE,CS,CENTRO DE SAUDE SANTA CRUZ - PADRE FERNANDO DE MELLO,RUA,CONCEICAO VIDIGAL PAULUCCI,150,"32776072, 32776073, 32467541",PALMARES,POINT (611139.897207618 7802316.90200548)
170,310,CENTRO DE SAUDE,CS,CENTRO DE SAUDE CARLOS PRATES,RUA,RIACHUELO,35,"32778947, 32778385",CARLOS PRATES,POINT (608497.207483349 7797633.31684155)
171,292,ACADEMIA DA CIDADE,ACADEMIA,ACADEMIA DA CIDADE PARAISO,RUA,RIO PARDO,120,,SANTA EFIGÊNIA,POINT (614032.59719933 7796442.00408677)
172,209,ACADEMIA DA CIDADE,ACADEMIA,ACADEMIA DA CIDADE ERMELINDA,RUA,SANTA JUDITE,605,,APARECIDA SÉTIMA SEÇÃO,POINT (608851.551727822 7800489.34399961)
173,527,ACADEMIA DA CIDADE,ACADEMIA,ACADEMIA DA CIDADE SAGRADA FAMILIA,RUA,JOAO DE PAULA,375,,SAGRADA FAMÍLIA,POINT (613232.562162892 7799192.94618114)
174,684,ACADEMIA DA CIDADE,ACADEMIA,ACADEMIA DA CIDADE DOM BOSCO,RUA,TABAPUAM,514,,DOM BOSCO,POINT (604699.274349982 7797885.81399651)
175,1001,ANEXO DO CENTRO DE SAUDE,ANEXO CS,ANEXO DO CENTRO DE SAUDE VILA MARIA / JOAO VITAL,AVE,DOS SOCIAIS,305,"32777952, 32468035",VILA MARIA,POINT (616689.734969342 7804430.49984755)
176,506,ACADEMIA DA CIDADE,ACADEMIA,ACADEMIA DA CIDADE SAO JOSE,RUA,JOAQUIM JOSE RIBEIRO,50,,VILA JARDIM SÃO JOSÉ,POINT (605146.413526937 7799258.49453545)
177,226,CENTRO DE SAUDE,CS,CENTRO DE SAUDE ETELVINA CARNEIRO,TRV,DOIS MIL QUATROCENTOS E DEZESSETE,235,"32775502, 32775503, 32775400",ETELVINA CARNEIRO,POINT (611876.273862652 7808966.58399305)
178,326,CENTRO DE SAUDE,CS,CENTRO DE SAUDE JARDIM LEBLON,RUA,HUMBERTO DE CAMPOS,581,"32775521, 32775522",JARDIM LEBLON,POINT (606050.224028529 7807016.10549623)
179,433,CENTRO DE SAUDE,CS,CENTRO DE SAUDE SAO CRISTOVAO,RUA,ITAPECERICA,555,"32776010, 32776011, 32776196",LAGOINHA,POINT (610486.710897557 7798294.00085535)
180,882,SERVICO DE RESIDENCIA TERAPEUTICA,SRT,CENTRO INTEGRADO DE APOIO A MULHER,RUA,ITAPECERICA,632,,LAGOINHA,POINT (610460.303373242 7798356.27605536)
181,273,CENTRO DE ESPECIALIDADES MEDICAS,CEM,CENTRO DE ESPECIALIDADES MEDICAS LESTE,RUA,JOAQUIM FELICIO,101,,SAGRADA FAMÍLIA,POINT (612214.182294186 7798323.34488245)
182,277,CENTRO DE ESPECIALIDADES MEDICAS,CEM,CENTRO DE ESPECIALIDADES MEDICAS NORDESTE,RUA,JOAQUIM FELICIO,101,,SAGRADA FAMÍLIA,POINT (612214.182294186 7798323.34488245)
183,274,CENTRAL DE ESTERILIZACAO,CEST,CENTRAL DE ESTERILIZACAO LESTE,RUA,JOAQUIM FELICIO,101,,SAGRADA FAMÍLIA,POINT (612214.182294186 7798323.34488245)
184,281,CENTRO DE TESTAGEM E ACONSELHAMENTO,CTA,CENTRO DE TESTAGEM E ACONSELHAMENTO SAGRADA FAMILIA,RUA,JOAQUIM FELICIO,141,,SAGRADA FAMÍLIA,POINT (612225.594542691 7798360.68728152)
185,512,FARMACIA DISTRITAL,FARMACIA,FARMACIA DISTRITAL LESTE,RUA,JOAQUIM FELICIO,141,,SAGRADA FAMÍLIA,POINT (612225.594542691 7798360.68728152)
186,275,UNIDADE DE REFERENCIA SECUNDARIA,URS,UNIDADE DE REFERENCIA SECUNDARIA SAGRADA FAMILIA,RUA,JOAQUIM FELICIO,101,,SAGRADA FAMÍLIA,POINT (612214.182294186 7798323.34488245)
187,400,SERVICO DE RESIDENCIA TERAPEUTICA,SRT,SERVICO DE RESIDENCIA TERAPEUTICA SANTA AMELIA,RUA,FARIA LOBATO,327,34419064,SANTA AMÉLIA,POINT (606569.522406642 7805126.71485992)
188,532,ACADEMIA DA CIDADE,ACADEMIA,ACADEMIA DA CIDADE VILA LEONINA,PCA,DO ENSINO,240,,ALPES,POINT (608285.526361548 7793061.48790608)
189,217,CENTRO DE SAUDE,CS,CENTRO DE SAUDE VILA LEONINA,PCA,DO ENSINO,240,"32779632, 32779633, 32779637",ALPES,POINT (608285.523991969 7793061.47592063)
190,302,CENTRO DE SAUDE,CS,CENTRO DE SAUDE ITAIPU - JATOBA,RUA,WANDERLEY DE SALES BARBOSA,350,"32775823, 32775822",MARILÂNDIA,POINT (599542.615616486 7788651.36095929)
191,294,ACADEMIA DA CIDADE,ACADEMIA,ACADEMIA DA CIDADE JAQUELINE,RUA,SENHORA DO BELO RAMO,26,,JAQUELINE,POINT (610996.716367263 7810032.19158065)
192,343,CENTRO DE SAUDE,CS,CENTRO DE SAUDE SANTA MONICA,RUA,DOS ZAPOTECAS,98,"32779482, 32775526, 32775527",SANTA MÔNICA,POINT (607145.14111589 7807056.11894598)
193,402,ACADEMIA DA CIDADE,ACADEMIA,ACADEMIA DA CIDADE SERRANO,RUA,TOCANTINS,445,,CONJUNTO CELSO MACHADO,POINT (603587.091387191 7801003.6093224)
194,645,SERVICO DE RESIDENCIA TERAPEUTICA,SRT,SERVICO DE RESIDENCIA TERAPEUTICA CLARICE LISPECTOR,RUA,CLARICE LISPECTOR,119,34573571,SÃO JOÃO BATISTA,POINT (607702.930354926 7808138.53702855)
195,562,CENTRO DE ESPECIALIDADES MEDICAS,CEM,CENTRO DE ESPECIALIDADES MEDICAS BARREIRO,PCA,MODESTINO SALES BARBOSA,100,,FLÁVIO MARQUES LISBOA,POINT (604063.635220744 7788672.58926578)
196,563,CENTRO DE ESPECIALIDADES ODONTOLOGICAS,CEO,CENTRO DE ESPECIALIDADES ODONTOLOGICAS BARREIRO,PCA,MODESTINO SALES BARBOSA,100,,FLÁVIO MARQUES LISBOA,POINT (604063.635220744 7788672.58926578)
197,561,CENTRO DE SAUDE,CS,CENTRO DE SAUDE BARREIRO DE CIMA,PCA,MODESTINO SALES BARBOSA,100,"32462006, 32772007",FLÁVIO MARQUES LISBOA,POINT (604063.635220744 7788672.58926578)
198,601,FARMACIA DISTRITAL,FARMACIA,FARMACIA DISTRITAL BARREIRO,PCA,MODESTINO SALES BARBOSA,100,,FLÁVIO MARQUES LISBOA,POINT (604063.632540511 7788672.5916744)
199,963,ANEXO DO CENTRO DE SAUDE,ANEXO CS,ANEXO DO CENTRO DE SAUDE TREVO,AVE,DANDARA,7,,TREVO,POINT (603462.251256038 7807035.22090421)
200,968,CENTRO DE SAUDE,CS,CENTRO DE SAUDE CIDADE OZANAN,RUA,DOUTOR FURTADO DE MENEZES,610,"32776263, 32776264, 32779947",IPIRANGA,POINT (611777.507117804 7800952.60970322)
201,246,CENTRO DE SAUDE,CS,CENTRO DE SAUDE CIDADE OZANAN,RUA,DOUTOR FURTADO DE MENEZES,610,"32776263, 32776264, 32779947",IPIRANGA,POINT (611777.507117804 7800952.60970322)
202,429,CENTRO DE REFERENCIA EM SAUDE MENTAL,CERSAM,CENTRO DE REFERENCIA EM SAUDE MENTAL PARA A INFANCIA E ADOLESCENCIA NORDESTE,PCA,MUQUI,191,,RENASCENÇA,POINT (611172.408411632 7800325.79062937)
203,320,CENTRAL DE ESTERILIZACAO,CEST,CENTRAL DE ESTERILIZACAO NORDESTE,RUA,JOAO LOURIVAL DIAS,325,,SILVEIRA,POINT (611953.795023008 7799674.59983843)
204,530,CENTRO DE REFERENCIA EM SAUDE MENTAL,CERSAM,CENTRO DE REFERENCIA EM SAUDE MENTAL NORDESTE,RUA,JOAO LOURIVAL DIAS,253,,SILVEIRA,POINT (611958.132955077 7799715.19145411)
205,188,CENTRO DE SAUDE,CS,CENTRO DE SAUDE BARREIRO - CARLOS RENATO DIAS,RUA,JOSE GONCALVES,375,"32775901, 32779082, 32775900",BARREIRO,POINT (602254.692328408 7790914.62881563)
206,165,CENTRO DE SAUDE,CS,CENTRO DE SAUDE NOVO HORIZONTE,RUA,PEDRO ALEXANDRINO MENDONCA,12,"32775602, 32775603, 32468527",CONJUNTO TAQUARIL,POINT (617512.829905267 7797054.57313727)
207,177,CENTRO DE REFERENCIA EM SAUDE MENTAL,CERSAM,CENTRO DE REFERENCIA EM SAUDE MENTAL BARREIRO,RUA,DESEMBARGADOR RIBEIRO DA LUZ,29,,BARREIRO,POINT (603130.337579949 7791142.60650094)
208,439,ACADEMIA DA CIDADE,ACADEMIA,ACADEMIA DA CIDADE SANTA RITA DE CASSIA,RUA,SAO TOMAZ DE AQUINO,640,,SANTA RITA DE CÁSSIA,POINT (610755.896484599 7793294.8284224)
209,646,SERVICO DE RESIDENCIA TERAPEUTICA,SRT,SERVICO DE RESIDENCIA TERAPEUTICA ITAPOA,RUA,DESEMBARGADOR LINCOLN PRATES,871,34274432,ITAPOÃ,POINT (609118.519182748 7806276.82597444)
210,511,CENTRO DE CONVIVENCIA,CC,CENTRO DE CONVIVENCIA VENDA NOVA,RUA,EXPEDICIONARIO AMERICO FERNANDES,116,,SÃO JOÃO BATISTA,POINT (608837.847134602 7807726.04099092)
211,175,CENTRO DE SAUDE,CS,CENTRO DE SAUDE DOM CABRAL,PCA,DA COMUNIDADE,40,"32779664, 32779665, 32776487",DOM CABRAL,POINT (604679.138022373 7796703.2046573)
212,176,CENTRO DE ESTERILIZACAO DE CAES E GATOS,CECG,CENTRO DE ESTERILIZACAO DE CAES E GATOS OESTE,RUA,ALEXANDRE SIQUEIRA,375,,SALGADO FILHO,POINT (606738.397455938 7793898.13562097)
213,794,SERVICO DE RESIDENCIA TERAPEUTICA,SRT,SERVICO DE RESIDENCIA TERAPEUTICA JOAO PINHEIRO,RUA,BACURI,302,33751593,JOÃO PINHEIRO,POINT (604626.140900574 7796196.96112606)
214,515,CENTRO DE SAUDE,CS,CENTRO DE SAUDE JARDIM FILADELFIA,RUA,CAITITE,309,"32777142, 32778305",CONJUNTO JARDIM FILADÉLFIA,POINT (603720.715294008 7798192.91143181)
215,179,CENTRO DE SAUDE,CS,CENTRO DE SAUDE SALGADO FILHO,RUA,CAMPINA VERDE,375,"32776478, 32779603, 32776582",SALGADO FILHO,POINT (606217.301325654 7794392.14506678)
216,378,CENTRO DE ESPECIALIDADES MEDICAS,CEM,CENTRO DE ESPECIALIDADES MEDICAS OESTE,RUA,CAMPOS SALES,472,,CALAFATE,POINT (607002.223244188 7796234.01016048)
217,375,CENTRAL DE ESTERILIZACAO,CEST,CENTRAL DE ESTERILIZACAO OESTE,RUA,CAMPOS SALES,472,,CALAFATE,POINT (607002.223244188 7796234.01016048)
218,376,FARMACIA DISTRITAL,FARMACIA,FARMACIA DISTRITAL OESTE,RUA,CAMPOS SALES,472,,CALAFATE,POINT (607002.223244188 7796234.01016048)
219,377,UNIDADE DE REFERENCIA SECUNDARIA,URS,UNIDADE DE REFERENCIA SECUNDARIA CAMPOS SALES,RUA,CAMPOS SALES,472,,CALAFATE,POINT (607002.223244188 7796234.01016048)
220,250,CENTRO DE SAUDE,CS,CENTRO DE SAUDE PADRE JOAQUIM MAIA,RUA,BOAVENTURA,1900,"32777433, 32777874, 32777886",VILA RICA,POINT (609458.198492677 7804148.75913627)
221,374,CENTRO DE SAUDE,CS,CENTRO DE SAUDE VILAS REUNIDAS - LEOPOLDO CRISOSTOMO DE CASTRO,RUA,LEONCIO CHAGAS,157,"32775790, 32775791, 32779007",UNIÃO,POINT (612954.551915988 7800984.65318087)
222,397,UNIDADE DE PRONTO ATENDIMENTO,UPA,UNIDADE DE PRONTO ATENDIMENTO PAMPULHA,AVE,SANTA TEREZINHA,515,,SANTA TEREZINHA,POINT (604574.976517226 7802533.57790173)
223,1041,ANEXO DO CENTRO DE SAUDE,ANEXO CS,ANEXO DO CENTRO DE SAUDE TAQUARIL,AVE,SANTA TEREZA,612,,TAQUARIL,POINT (617003.824867066 7796876.54103304)
224,467,ACADEMIA DA CIDADE,ACADEMIA,ACADEMIA DA CIDADE CAMPO RIVIERA,RUA,ITAGUA,360,,ALTO VERA CRUZ,POINT (616064.315421171 7798745.52894811)
225,214,CENTRO DE SAUDE,CS,CENTRO DE SAUDE FLORAMAR,RUA,IGARAUNAS,15,"32776768, 32776769, 32777483",FLORAMAR,POINT (611649.544509835 7805917.26001077)
226,457,CENTRO DE SAUDE,CS,CENTRO DE SAUDE CACHOEIRINHA,RUA,BORBOREMA,1325,"32776006, 32776007, 32776218",CACHOEIRINHA,POINT (610436.790556189 7799960.43165819)
227,649,SERVICO DE RESIDENCIA TERAPEUTICA,SRT,SERVICO DE RESIDENCIA TERAPEUTICA TRES PONTAS,RUA,TRES PONTAS,314,25263464,CARLOS PRATES,POINT (609096.139961329 7797960.89865733)
228,784,SERVICO DE RESIDENCIA TERAPEUTICA,SRT,SERVICO DE RESIDENCIA TERAPEUTICA PADRE EUSTAQUIO,RUA,TRES PONTAS,1142,34624711,CARLOS PRATES,POINT (608292.013876492 7797979.62070455)
229,943,CENTRO DE SAUDE,CS,CENTRO DE SAUDE PINDORAMA ELZA MARTINS,RUA,RUTILO,10,"32779817, 32778567, 32777542",PINDORAMA,POINT (602487.475185532 7798357.49487368)
230,291,ACADEMIA DA CIDADE,ACADEMIA,ACADEMIA DA CIDADE COQUEIRAL,RUA,RAINHA DAS FLORES,100,,VILA COQUEIRAL,POINT (602065.24209173 7797503.43063246)
231,261,CENTRO DE SAUDE,CS,CENTRO DE SAUDE SANTA MARIA,RUA,DAS PEROLAS,123,"32779133, 32779145",SANTA MARIA,POINT (602874.473040895 7795594.67292415)
232,195,CENTRO DE SAUDE,CS,CENTRO DE SAUDE SANTO ANTONIO,RUA,IRINEU PINTO,255,"32775562, 32771867",VENDA NOVA,POINT (609035.631955885 7808350.65385278)
233,183,DISTRITO SANITARIO,DS,DISTRITO SANITARIO NORTE,RUA,PASTOR MURYLLO CASSETE,20,,SÃO BERNARDO,POINT (611559.511678769 7804765.95344314)
234,422,CENTRO DE SAUDE,CS,CENTRO DE SAUDE SANTA INES,RUA,ITUMIRIM,50,"32775710, 32779954",SANTA INÊS,POINT (614495.436347887 7800567.04818315)
235,180,CENTRO DE SAUDE,CS,CENTRO DE SAUDE VILA PINHO,RUA,OTAVIANO DE CARVALHO,174,"32775856, 32775857",VILA PINHO,POINT (601864.795455703 7788134.61505184)
236,322,CENTRO DE SAUDE,CS,CENTRO DE SAUDE MG-20,RUA,PADRE ARGEMIRO MOREIRA,11900,"32776732, 32776735, 32776739",MARIA TERESA,POINT (616846.735810848 7808454.86890751)
237,685,ACADEMIA DA CIDADE,ACADEMIA,ACADEMIA DA CIDADE ANDRADAS CREAB,RUA,ELCE RIBEIRO,349,,SÃO JOÃO BATISTA,POINT (608561.916844574 7808128.16378834)
238,523,CENTRO DE REABILITACAO,CREAB,CENTRO DE REABILITAÇÃO DE VENDA NOVA,RUA,ELCE RIBEIRO,349,,SÃO JOÃO BATISTA,POINT (608551.493699736 7808135.96755156)
239,962,ANEXO DO CENTRO DE SAUDE,ANEXO CS,ANEXO DO CENTRO DE SAUDE NOVA YORK,RUA,JAIR NEGRAO DE LIMA,1058,,JARDIM DOS COMERCIÁRIOS,POINT (607334.688493817 7810481.46363852)
240,193,CENTRO DE SAUDE,CS,CENTRO DE SAUDE PAULO VI - MARIVANDA BALEEIRO,RUA,TRES MIL E SETENTA E QUATRO,555,"32777494, 32777495, 32771319",PAULO VI,POINT (616348.239269663 7805626.43789786)
241,297,CENTRO DE SAUDE,CS,CENTRO DE SAUDE VILA MARIA - JOAO VITAL,RUA,DOIS MIL QUATROCENTOS E SESSENTA E SEIS,30,"32468036, 32468037, 32777937",JARDIM VITÓRIA,POINT (617365.227306099 7805407.51696275)
242,213,CENTRO DE SAUDE,CS,CENTRO DE SAUDE TUPI,RUA,JORGE AMADO,91,"32776772, 32776773, 32778555",TUPI A,POINT (612814.526656557 7806322.40889401)
243,412,ACADEMIA DA CIDADE,ACADEMIA,ACADEMIA DA CIDADE LINDEIA,RUA,DAS PETUNIAS,547,,LINDÉIA,POINT (599209.521075658 7791092.62667419)
244,345,CENTRO DE SAUDE,CS,CENTRO DE SAUDE JARDIM MONTANHES,RUA,LEOPOLDO PEREIRA,407,"32777212, 32777213, 32778389",JARDIM MONTANHÊS,POINT (606586.162678546 7798813.94502222)
245,581,CENTRO DE SAUDE,CS,CENTRO DE SAUDE SANTA MONICA II - ALAMEDA DOS IPES,RUA,MINISTRO OLIVEIRA SALAZAR,1186,"32469023, 32779024",SANTA MÔNICA,POINT (607465.42891727 7808348.64098606)
246,501,CENTRO DE SAUDE,CS,CENTRO DE SAUDE BONSUCESSO,RUA,DOUTOR CRISTIANO REZENDE,1875,"32773192, 32778931, 32779069",BONSUCESSO,POINT (605782.027942803 7789622.52590894)
247,459,ACADEMIA DA CIDADE,ACADEMIA,ACADEMIA DA CIDADE MONTE AZUL,RUA,PROFESSOR CARLOS DE ALMEIDA,105,,MONTE AZUL,POINT (615812.272944421 7808298.3145063)
248,200,ACADEMIA DA CIDADE,ACADEMIA,ACADEMIA DA CIDADE UNIAO,RUA,PROFESSOR GERALDO FONTES,30,,UNIÃO,POINT (613046.888880414 7801338.44116835)
249,535,ACADEMIA DA CIDADE,ACADEMIA,ACADEMIA DA CIDADE CENTRO DIA DO IDOSO,AVE,SANTA MATILDE,325,,DOM CABRAL,POINT (604714.018401746 7796617.37234837)
250,255,CENTRO DE SAUDE,CS,CENTRO DE SAUDE DOM JOAQUIM,AVE,JOAQUIM JOSE DINIZ,200,"32775701, 32775707, 32779021",FERNÃO DIAS,POINT (613482.665259768 7801939.42883905)
251,1082,ACADEMIA DA CIDADE,ACADEMIA,ACADEMIA DA CIDADE PAULO VI,RUA,NEBLINA,120,32776685,CONJUNTO PAULO VI,POINT (616501.236946216 7806677.05912556)
252,197,CENTRO DE SAUDE,CS,CENTRO DE SAUDE CAPITAO EDUARDO,RUA,DOS MENSAGEIROS,10,"32777846, 32777847, 32778016",CONJUNTO CAPITÃO EDUARDO,POINT (618570.88717026 7806860.01726754)
253,311,ACADEMIA DA CIDADE,ACADEMIA,ACADEMIA DA CIDADE LABORATORIO DO MOVIMENTO,AVE,PROFESSOR ALFREDO BALENA,190,,SANTA EFIGÊNIA,POINT (612073.838024268 7796480.01008791)
254,387,CENTRO DE SAUDE,CS,CENTRO DE SAUDE SAO GABRIEL - FABIO CORREA LIMA,RUA,ILHA DE MALTA,353,"32776744, 32776745, 32468010",SÃO GABRIEL,POINT (613694.055724139 7803991.66111312)
255,327,CENTRAL DE ESTERILIZACAO,CEST,CENTRAL DE ESTERILIZACAO VENDA NOVA,RUA,JOSE ROCHA PAIXAO,10,,CÉU AZUL,POINT (604107.305212136 7808043.40639211)
256,504,CENTRO DE SAUDE,CS,CENTRO DE SAUDE SANTA LUCIA,RUA,MURILLO MORAES DE ANDRADE,140,"32778885, 32778883",SANTO ANTÔNIO,POINT (610232.565730511 7793641.44786902)
257,203,CENTRO DE SAUDE,CS,CENTRO DE SAUDE CONJUNTO SANTA MARIA,RUA,PASTOR BENJAMIM MAIA,57,32778822,ÁPIA,POINT (609401.211462747 7793436.10966502)
258,338,CENTRO DE SAUDE,CS,CENTRO DE SAUDE SANTA CECILIA,RUA,PAULO DUARTE,280,"32775852, 32775853, 32779070",SANTA CECÍLIA,POINT (601187.303321735 7788269.82124805)
259,525,ACADEMIA DA CIDADE,ACADEMIA,ACADEMIA DA CIDADE MARIANO DE ABREU,RUA,CINCO DE JANEIRO,139,,MARIANO DE ABREU,POINT (616183.327691895 7799712.31216219)
260,403,DISTRITO SANITARIO,DS,DISTRITO SANITARIO CENTRO SUL,AVE,AUGUSTO DE LIMA,30,,CENTRO,POINT (611289.699460943 7796508.26433684)
261,507,ACADEMIA DA CIDADE,ACADEMIA,ACADEMIA DA CIDADE VIA 240,AVE,RISOLETA NEVES,2400,,GUARANI,POINT (613560.855428896 7805142.30322653)
262,215,CENTRAL DE ESTERILIZACAO,CEST,CENTRAL DE ESTERILIZACAO NORTE,AVE,RISOLETA NEVES,2580,,GUARANI,POINT (613675.98792073 7805235.71561048)
263,509,UNIDADE DE PRONTO ATENDIMENTO,UPA,UNIDADE DE PRONTO ATENDIMENTO NORTE,AVE,RISOLETA NEVES,2580,,GUARANI,POINT (613675.780266803 7805234.73191929)
264,359,CENTRO DE SAUDE,CS,CENTRO DE SAUDE DOM ORIONE,AVE,OTACILIO NEGRAO DE LIMA,2220,"32777860, 32777861",SÃO LUÍZ,POINT (607309.001492522 7803657.58902174)
265,901,SERVICO DE RESIDENCIA TERAPEUTICA,SRT,INSTITUTO DE PROMOCAO HUMANA DARCY RIBEIRO CASA DE BEBES,AVE,OTACILIO NEGRAO DE LIMA,16950,32777945,JARDIM ATLÂNTICO,POINT (607596.259645626 7804807.08779279)
266,342,CENTRO DE SAUDE,CS,CENTRO DE SAUDE CONFISCO,RUA,POLYCARPO DE MAGALHAES VIOTTI,261,"32777202, 32777267, 32778501",BANDEIRANTES,POINT (604423.657922073 7803276.97994811)
267,356,DISTRITO SANITARIO,DS,DISTRITO SANITARIO OESTE,AVE,SILVA LOBO,1280,,NOVA GRANADA,POINT (607677.376483453 7795303.57954694)
268,452,CENTRO DE SAUDE,CS,CENTRO DE SAUDE AARAO REIS,RUA,WALDOMIRO LOBO,177,"32776781, 32777463",AARÃO REIS,POINT (613007.157353595 7805202.7417717)
269,295,CENTRO DE SAUDE,CS,CENTRO DE SAUDE OURO PRETO,RUA,JONAS JEAN,77,"32778560, 32777133, 32777108, 32778331",OURO PRETO,POINT (605987.473153437 7800921.33606888)
270,1262,CENTRO DE REFERENCIA EM SAUDE MENTAL,CERSAM,CENTRO DE REFERENCIA EM SAUDE MENTAL PARA A INFANCIA E ADOLESCENCIA PAMPULHA NOROESTE,AVE,JOAO XXIII,1253,,VILA JARDIM SÃO JOSÉ,POINT (605365.094102949 7799184.74721396)
271,461,CENTRO DE SAUDE,CS,CENTRO DE SAUDE PADRE TIAGO,AVE,JOAO XXIII,1233,"32463022, 32778976, 32778942",VILA JARDIM SÃO JOSÉ,POINT (605302.424901016 7799200.72629401)
272,390,CENTRO DE TESTAGEM E ACONSELHAMENTO,CTA,CENTRO DE TESTAGEM E ACONSELHAMENTO SAE CENTRO SUL,RUA,DOS CAETES,466,,CENTRO,POINT (611125.490181577 7797412.92133978)
273,417,CENTRO DE SAUDE,CS,CENTRO DE SAUDE SAO MIGUEL ARCANJO,RUA,NOSSA SENHORA DE FATIMA,2640,"32776412, 32776413",NOSSA SENHORA DE FÁTIMA,POINT (614865.147022741 7795372.62549283)
274,380,ANEXO DO CENTRO DE SAUDE,ANEXO CS,ANEXO DO CENTRO DE SAUDE CAFEZAL,RUA,ENGENHEIRO LUCAS JULIO PROENCA,22,,SERRA,POINT (613847.36246129 7794984.5444856)
275,348,CENTRO DE SAUDE,CS,CENTRO DE SAUDE JARDIM GUANABARA,RUA,FANNY MARTINS DE BARROS,221,"32776786, 32776787, 32777485",JARDIM GUANABARA,POINT (611757.271815902 7807143.47956961)
276,286,CENTRO DE SAUDE,CS,CENTRO DE SAUDE POMPEIA,RUA,LEOPOLDO GOMES,440,"32775720, 32775764",POMPÉIA,POINT (614676.407892651 7797826.37603902)
277,212,CENTRO DE SAUDE,CS,CENTRO DE SAUDE SANTA RITA DE CASSIA,RUA,CRISTINA,961,32778827,SÃO PEDRO,POINT (611043.231174936 7794088.36689995)
278,227,CENTRO DE ESTERILIZACAO DE CAES E GATOS,CECG,CENTRO DE ESTERILIZACAO DE CAES E GATOS NOROESTE,RUA,ANTONIO PEIXOTO GUIMARAES,33,,MONSENHOR MESSIAS,POINT (607372.824470226 7797898.30139882)
279,1002,CENTRO DE REFERENCIA EM SAUDE MENTAL,CERSAM,CENTRO DE REFERENCIA EM SAUDE MENTAL ALCOOL E DROGAS VENDA NOVA,PCA,JOSE BELEM BARBOSA,60,,SÃO JOÃO BATISTA,POINT (608563.949988789 7807367.70631835)
280,841,SERVICO DE RESIDENCIA TERAPEUTICA,SRT,UNIDADE DE ACOLHIMENTO TRANSITORIO INFANTIL,RUA,EDSON,525,25520641,UNIÃO,POINT (612960.245803807 7801516.86058695)
281,463,ACADEMIA DA CIDADE,ACADEMIA,ACADEMIA DA CIDADE JARDIM FELICIDADE,RUA,CECILIA TRINDADE SILVA,10,,JARDIM FELICIDADE,POINT (612188.224376342 7806899.40924941)
282,522,CENTRO DE SAUDE,CS,CENTRO DE SAUDE JARDIM FELICIDADE,RUA,CECILIA TRINDADE SILVA,201,"32776766, 32776767, 32776788",JARDIM FELICIDADE,POINT (612296.467574415 7806993.41011581)
283,254,ACADEMIA DA CIDADE,ACADEMIA,ACADEMIA DA CIDADE UNI-BH,AVE,PROFESSOR MARIO WERNECK,1685,,BURITIS,POINT (608314.425676227 7791423.37935044)
284,802,SERVICO DE RESIDENCIA TERAPEUTICA,SRT,SERVICO DE RESIDENCIA TERAPEUTICA CANTINHO DA PAZ,RUA,NILO APARECIDA PINTO,373,34585718,PLANALTO,POINT (609394.200767843 7806983.83563334)
285,462,CENTRO DE SAUDE,CS,CENTRO DE SAUDE JARDIM EUROPA,RUA,EDIMBURGO,140,"32771812, 32771813",EUROPA,POINT (608187.035627698 7810271.44288174)
286,140,CENTRO DE REFERENCIA DE IMUNOBIOLOGICOS ESPECIAIS,CRIE,CENTRO DE REFERENCIA IMUNOBIOLOGICO ESPECIAL (CRIE CENTRO SUL),RUA,DOMINGOS VIEIRA,488,,SANTA EFIGÊNIA,POINT (612517.184469376 7796785.6696409)
287,149,UNIDADE DE PRONTO ATENDIMENTO,UPA,UNIDADE DE PRONTO ATENDIMENTO CENTRO SUL,RUA,DOMINGOS VIEIRA,488,,SANTA EFIGÊNIA,POINT (612517.217072063 7796785.55789454)
288,316,CENTRO DE SAUDE,CS,CENTRO DE SAUDE SERRA VERDE,PCA,FABRICIO SOARES DA SILVA,10,"32775541, 32775507",SERRA VERDE,POINT (609599.995560084 7810819.90623959)
289,623,ACADEMIA DA CIDADE,ACADEMIA,ACADEMIA DA CIDADE NOVO OURO PRETO,RUA,GERALDINA CANDIDA DE JESUS,92,,OURO PRETO,POINT (605944.98231778 7801864.37411622)
290,795,SERVICO DE RESIDENCIA TERAPEUTICA,SRT,SERVICO DE RESIDENCIA TERAPEUTICA SERENA,RUA,JUSCELINO BARBOSA,122,33721321,CALAFATE,POINT (606781.754659823 7796346.48235285)
291,325,UNIDADE DE PRONTO ATENDIMENTO,UPA,UNIDADE DE PRONTO ATENDIMENTO BARREIRO,RUA,AURELIO LOPES,80,,DIAMANTE,POINT (602503.77726457 7788669.67965082)
292,411,ACADEMIA DA CIDADE,ACADEMIA,ACADEMIA DA CIDADE VILA PINHO,AVE,PERIMETRAL,800,,DISTRITO INDUSTRIAL DO JATOBÁ,POINT (601779.165756989 7788107.46456405)
293,514,ACADEMIA DA CIDADE,ACADEMIA,ACADEMIA DA CIDADE RIBEIRO DE ABREU,RUA,DIANOPOLIS,100,,RIBEIRO DE ABREU,POINT (615057.514324322 7806157.52025877)
294,237,CENTRO DE SAUDE,CS,CENTRO DE SAUDE RIBEIRO DE ABREU,RUA,DIANOPOLIS,180,"32776660, 32776661, 32469502",RIBEIRO DE ABREU,POINT (615065.776660307 7806087.46451841)
295,799,SERVICO DE RESIDENCIA TERAPEUTICA,SRT,SERVICO DE RESIDENCIA TERAPEUTICA SANTA MONICA,RUA,JOSE MARIA BOTELHO,330,34502788,SANTA MÔNICA,POINT (607745.821522519 7807565.70699968)
296,243,CENTRO DE ESPECIALIDADES MEDICAS,CEM,CENTRO DE ESPECIALIDADES MEDICAS NOROESTE - PADRE EUSTAQUIO,RUA,PADRE EUSTAQUIO,1951,,PADRE EUSTÁQUIO,POINT (607730.702358515 7797580.86601188)
297,239,CENTRAL DE ESTERILIZACAO,CEST,CENTRAL DE ESTERILIZACAO NOROESTE,RUA,PADRE EUSTAQUIO,1951,,PADRE EUSTÁQUIO,POINT (607730.702358515 7797580.86601188)
298,662,CENTRO DE REABILITACAO,CREAB,CENTRO DE REABILITACAO NOROESTE,RUA,PADRE EUSTAQUIO,1951,,PADRE EUSTÁQUIO,POINT (607730.702358515 7797580.86601188)
299,240,FARMACIA DISTRITAL,FARMACIA,FARMACIA DISTRITAL NOROESTE,RUA,PADRE EUSTAQUIO,1951,,PADRE EUSTÁQUIO,POINT (607730.702358515 7797580.86601188)
300,241,LABORATORIO,LABORATORIO,LABORATORIO DISTRITAL NOROESTE,RUA,PADRE EUSTAQUIO,1951,,PADRE EUSTÁQUIO,POINT (607730.702358515 7797580.86601188)
301,242,UNIDADE DE REFERENCIA SECUNDARIA,URS,UNIDADE DE REFERENCIA SECUNDARIA PADRE EUSTAQUIO,RUA,PADRE EUSTAQUIO,1951,,PADRE EUSTÁQUIO,POINT (607730.702358515 7797580.86601188)
302,301,CENTRO DE REFERENCIA EM SAUDE MENTAL,CERSAM,CENTRO DE REFERENCIA EM SAUDE MENTAL NORTE,RUA,PARNAIBA,568,,MINASLÂNDIA,POINT (611759.866020533 7804652.77418005)
303,258,CENTRO DE SAUDE,CS,CENTRO DE SAUDE VILA CEMIG,RUA,COLETIVO,68,"32775940, 32775882, 32771366, 32775941",VILA CEMIG,POINT (605401.713112184 7788430.98844293)
304,184,CENTRO DE SAUDE,CS,CENTRO DE SAUDE SANTA ROSA,AVE,BUENO SIQUEIRA,100,"32771578, 32771579",SANTA ROSA,POINT (610616.516978464 7802939.89519702)
305,423,CENTRO DE SAUDE,CS,CENTRO DE SAUDE SAO JOSE OPERARIO,RUA,SIMAO PEREIRA,73,"32775784, 32775693, 32775733",NOVA VISTA,POINT (615325.124955103 7800573.84679932)
306,441,CENTRO DE SAUDE,CS,CENTRO DE SAUDE MANGUEIRAS,RUA,CHAFARIZ,4,"32462004, 32462003, 32462019",PETRÓPOLIS,POINT (601365.875325809 7786688.99302105)
307,313,CENTRO DE SAUDE,CS,CENTRO DE SAUDE SERRANO,RUA,SAO JOSE DA SAFIRA,99,"32777160, 32778400, 32773011",CONJUNTO CELSO MACHADO,POINT (603626.179260097 7800980.4011935)
308,460,CENTRAL DE ESTERILIZACAO,CEST,CENTRAL DE ESTERILIZACAO BARREIRO,RUA,AZARIAS DUARTE,200,,DIAMANTE,POINT (602536.743986615 7788555.43311258)
309,312,ACADEMIA DA CIDADE,ACADEMIA,ACADEMIA DA CIDADE PARAUNA,RUA,JOAO FERREIRA DA SILVA,1700,,MARIA HELENA,POINT (605589.009219523 7810200.80725942)
310,448,CENTRO DE SAUDE,CS,CENTRO DE SAUDE PARAUNA - VENDA NOVA,RUA,JOAO FERREIRA DA SILVA,248,"32772802, 32775569, 32775568",MANTIQUEIRA,POINT (605880.062785638 7810068.37421578)
311,293,FARMACIA DISTRITAL,FARMACIA,FARMACIA DISTRITAL,AVE,PORTUGAL,4832,,JARDIM ATLÂNTICO,POINT (609203.426641464 7805402.15401138)
312,222,CENTRO DE SAUDE,CS,CENTRO DE SAUDE JARDIM ALVORADA,RUA,ENGENHO DO SOL,580,"32777130, 32778432, 32778456",ENGENHO NOGUEIRA,POINT (606398.817564551 7799948.78504249)
313,189,CENTRO DE CONVIVENCIA,CC,CENTRO DE CONVIVENCIA BARREIRO,RUA,PINHEIRO CHAGAS,252,,BARREIRO,POINT (603245.779400093 7790523.02261544)
314,187,CENTRO DE REFERENCIA EM SAUDE DO TRABALHADOR,CERSAT,CENTRO DE REFERENCIA EM SAUDE DO TRABALHADOR BARREIRO,RUA,PINHEIRO CHAGAS,125,,BARREIRO,POINT (603220.508484174 7790653.40137439)
315,337,CENTRO DE SAUDE,CS,CENTRO DE SAUDE MIRAMAR - EDUARDO MAURO DE ARAUJO,RUA,ERIDANO,540,"32775936, 32775937",MIRAMAR,POINT (603393.726338451 7788476.94908778)
316,235,CENTRO DE SAUDE,CS,CENTRO DE SAUDE INDEPENDENCIA,RUA,MARIA ANTONIETA FERREIRA,151,"32775850, 32775851, 32779116",INDEPENDÊNCIA,POINT (601300.733155871 7786035.53603033)
317,431,ACADEMIA DA CIDADE,ACADEMIA,ACADEMIA DA CIDADE UNIVERSITARIO,RUA,ARISTOTELES RIBEIRO VASCONCELOS,87,,SANTA ROSA,POINT (610701.894450305 7803128.62678126)
318,443,CENTRO DE SAUDE,CS,CENTRO DE SAUDE NOVO AARAO REIS,AVE,DETETIVE EDUARDO FERNANDES,205,"32776640, 32776763, 32776652",NOVO AARÃO REIS,POINT (614267.001723356 7805712.66080862)
319,208,CENTRO DE SAUDE,CS,CENTRO DE SAUDE VALE DO JATOBA,RUA,LUIZ LEITE DE FARIA,171,"32775854, 32775855, 32771505",VALE DO JATOBÁ,POINT (600814.343784229 7787093.50068469)
320,396,CENTRO DE SAUDE,CS,CENTRO DE SAUDE TREVO,RUA,JOSE SIMPLICIO MOREIRA,1144,"32468008, 32468483",TREVO,POINT (603213.397969542 7806529.01464216)
321,437,SERVICO DE RESIDENCIA TERAPEUTICA,SRT,SERVICO DE RESIDENCIA TERAPEUTICA SANTA BRANCA,RUA,HELCIO PAIVA,179,34928433,SANTA MÔNICA,POINT (608070.818698191 7807030.73251894)
322,430,CENTRO DE SAUDE,CS,CENTRO DE SAUDE CONJUNTO RIBEIRO DE ABREU - EFIGENIA MURTA FIGUEIREDO,RUA,SERRA DO CIPO,170,"32776664, 32776665",RIBEIRO DE ABREU,POINT (615327.334841375 7807428.86148095)
323,284,CENTRO DE SAUDE,CS,CENTRO DE SAUDE PADRE EUSTAQUIO,RUA,HUMAITA,1125,"32777218, 32778479, 32778306",PADRE EUSTÁQUIO,POINT (606437.481860045 7796951.24416958)
324,152,ACADEMIA DA CIDADE,ACADEMIA,ACADEMIA DA CIDADE OSWALDO CRUZ,RUA,DOS GOITACAZES,1550,,BARRO PRETO,POINT (609746.593173082 7797054.21411097)
325,332,CENTRO DE SAUDE,CS,CENTRO DE SAUDE SAO JOSE,RUA,VIOLETA DE MELO,655,"32777214, 32778449, 32778569",JARDIM SÃO JOSÉ,POINT (604790.778508296 7799230.61021123)
326,318,CENTRO DE SAUDE,CS,CENTRO DE SAUDE SANTA AMELIA,RUA,ENGENHEIRO PEDRO BAX,220,"32777453, 32777438, 32778027, 32777974",SANTA AMÉLIA,POINT (607463.462790727 7806238.49377684)
327,513,UNIDADE DE PRONTO ATENDIMENTO,UPA,UNIDADE DE PRONTO ATENDIMENTO LESTE,AVE,DOS ANDRADAS,7450,,VERA CRUZ,POINT (615475.652842726 7798587.8210491)
328,367,ACADEMIA DA CIDADE,ACADEMIA,ACADEMIA DA CIDADE DOM JOAQUIM,RUA,LAURO GOMES VIDAL,525,,DOM JOAQUIM,POINT (613311.258894387 7801669.52377744)
329,331,ANEXO DO CENTRO DE SAUDE,ANEXO CS,ANEXO DO CENTRO DE SAUDE PADRE EUSTAQUIO,RUA,AQUIDABAN,1026,32464003,PADRE EUSTÁQUIO,POINT (606799.680570746 7797069.89001956)
330,278,CENTRO DE SAUDE,CS,CENTRO DE SAUDE HELIOPOLIS,RUA,DOS BENEDITINOS,120,"32777402, 32777403, 32777417",HELIÓPOLIS,POINT (610782.167744526 7805422.75981713)
331,263,FARMACIA DISTRITAL,FARMACIA,FARMACIA DISTRITAL NORDESTE,RUA,QUELUZITA,140,,SAO PAULO,POINT (612700.126390236 7802401.90470343)
332,143,LABORATORIO,LABORATORIO,LABORATORIO BROMATOLOGIA,RUA,RIO GRANDE DO NORTE,1179,,SAVASSI,POINT (611772.576102915 7795275.21532039)
333,144,CENTRO DE REFERENCIA EM SAUDE DO TRABALHADOR,CERSAT,CENTRO DE REFERENCIA EM SAUDE DO TRABALHADOR,RUA,RIO GRANDE DO NORTE,1179,,SAVASSI,POINT (611772.576102915 7795275.21532039)
334,965,CENTRO DE REFERENCIA EM SAUDE MENTAL,CERSAM,CENTRO DE REFERENCIA EM SAUDE MENTAL PARA USUARIOS DE ALCOOL E DROGAS CENTRO SUL,ALA,EZEQUIEL DIAS,365,,SANTA EFIGÊNIA,POINT (611792.62504796 7796412.99616191)
335,386,CENTRO DE SAUDE,CS,CENTRO DE SAUDE URUCUIA,RUA,NELSON DE PAULA PIRES,325,"32775938, 32771356, 32775939",PONGELUPE,POINT (603750.630204543 7787148.78827505)
336,432,ACADEMIA DA CIDADE,ACADEMIA,ACADEMIA DA CIDADE MERCADO DA LAGOINHA,AVE,PRESIDENTE ANTONIO CARLOS,821,,LAGOINHA,POINT (610402.792940157 7798716.28490065)
337,245,DISTRITO SANITARIO,DS,DISTRITO SANITARIO PAMPULHA,AVE,PRESIDENTE ANTONIO CARLOS,7596,,SÃO LUÍZ,POINT (608858.288582612 7804115.38592929)
338,244,FARMACIA DISTRITAL,FARMACIA,FARMACIA DISTRITAL PAMPULHA,AVE,PRESIDENTE ANTONIO CARLOS,7596,,SÃO LUÍZ,POINT (608858.288582612 7804115.38592929)
339,354,CENTRO DE SAUDE,CS,CENTRO DE SAUDE WALDOMIRO LOBO,AVE,AMAZONAS,8889,"32779065, 32779102, 32779108",MADRE GERTRUDES,POINT (604109.36667321 7794223.32942872)
340,178,CENTRO DE SAUDE,CS,CENTRO DE SAUDE NORALDINO DE LIMA,AVE,AMAZONAS,4373,"32777042, 32777043, 32776819",NOVA SUISSA,POINT (607488.884728691 7795886.56088278)
341,353,LABORATORIO,LABORATORIO,LABORATORIO DISTRITAL OESTE - BARREIRO,AVE,AMAZONAS,8889,,MADRE GERTRUDES,POINT (604109.36667321 7794223.32942872)
342,793,SERVICO DE RESIDENCIA TERAPEUTICA,SRT,SERVICO DE RESIDENCIA TERAPEUTICA SERPENTINA,RUA,AMARO RIBEIRO COELHO,56,34133506,ALTO CAIÇARAS,POINT (607139.273982926 7799469.17774356)
343,224,ACADEMIA DA CIDADE,ACADEMIA,ACADEMIA DA CIDADE CAMPO ALEGRE,RUA,OSORIO DUQUE ESTRADA,491,,CAMPO ALEGRE,POINT (610452.828723345 7807258.34618884)
344,508,CENTRO DE SAUDE,CS,CENTRO DE SAUDE CAMPO ALEGRE,RUA,OSORIO DUQUE ESTRADA,491,"32777344, 32777345, 32777358",CAMPO ALEGRE,POINT (610452.828723345 7807258.34618884)
345,435,CENTRO DE SAUDE,CS,CENTRO DE SAUDE SAO FRANCISCO,RUA,VIANA DO CASTELO,485,"32777844, 32777845",SÃO FRANCISCO,POINT (609569.492653139 7801808.95539654)
346,861,CENTRO DE REFERENCIA EM SAUDE MENTAL,CERSAM,CENTRO DE REFERENCIA EM SAUDE MENTAL ALCOOL E DROGAS BARREIRO,RUA,BARAO DO MONTE ALTO,211,,CARDOSO,POINT (603936.685245699 7788387.49296461)
347,230,CENTRO DE TREINAMENTO E REFERENCIA DE DOENCAS IMUNO-PARASITARIAS,CTR,CENTRO DE TREINAMENTO E REFERENCIA DE DOENCAS IMUNO-PARASITA,ALA,VEREADOR ALVARO CELSO,241,,SANTA EFIGÊNIA,POINT (611953.889234728 7796661.73168114)
348,741,LABORATORIO,LABORATORIO,LABORATORIO DE INFECCOES SEXUALMENTE TRANSMISSIVEIS,ALA,VEREADOR ALVARO CELSO,241,,SANTA EFIGÊNIA,POINT (611953.885709123 7796661.73311689)
349,298,ACADEMIA DA CIDADE,ACADEMIA,ACADEMIA DA CIDADE SANTA CRUZ,AVE,BERNARDO DE VASCONCELOS,1377,,SANTA CRUZ,POINT (611060.660172473 7801122.64542269)
350,351,DISTRITO SANITARIO,DS,DISTRITO SANITARIO VENDA NOVA,RUA,ERICO VERISSIMO,1428,,RIO BRANCO,POINT (607278.269373684 7808598.0534953)
351,309,ANEXO DO CENTRO DE SAUDE,ANEXO CS,ANEXO DO CENTRO DE SAUDE GLORIA,RUA,BARBOSA,148,32778428,SÃO SALVADOR,POINT (602939.771000763 7799762.56583553)
352,151,CENTRO DE ESPECIALIDADES ODONTOLOGICAS,CEO,CENTRO DE ESPECIALIDADES ODONTOLOGICAS PARACATU,RUA,PARACATU,214,,BARRO PRETO,POINT (609732.39755305 7797059.54212584)
353,236,CENTRO DE SAUDE,CS,CENTRO DE SAUDE CONJUNTO PAULO VI,RUA,DAS ALMAS,1122,"32777496, 32777497, 32771336",CONJUNTO PAULO VI,POINT (616963.483512425 7806612.72760263)
354,404,CENTRO DE SAUDE,CS,CENTRO DE SAUDE ANDRADAS,RUA,MARIANA AMELIA DE AZEVEDO,21,"32778891, 32779481",SÃO JOÃO BATISTA,POINT (608597.769377925 7808113.98202665)
355,225,ACADEMIA DA CIDADE,ACADEMIA,ACADEMIA DA CIDADE JATOBA IV,AVE,HAYDEE ABRAS HOMSSI,560,,CDI JATOBÁ,POINT (600199.871713137 7787958.25466652)
356,456,ACADEMIA DA CIDADE,ACADEMIA,ACADEMIA DA CIDADE VILA FATIMA,BEC,DONA BENTA,145,,NOSSA SENHORA DE FÁTIMA,POINT (614665.993391305 7795403.51920451)
357,229,CENTRO DE SAUDE,CS,CENTRO DE SAUDE PILAR - OLHOS DAGUA,RUA,SAO PEDRO DA ALDEIA,455,"32778240, 32778241",SERRA DO CURRAL,POINT (608070.793960658 7788224.04056657)
358,223,CENTRO DE CONVIVENCIA,CC,CENTRO DE CONVIVENCIA PAMPULHA,AVE,DOM ORIONE,220,,SÃO LUÍZ,POINT (607006.890392059 7803296.33264521)
359,373,SERVICO DE RESIDENCIA TERAPEUTICA,SRT,SERVICO DE RESIDENCIA TERAPEUTICA PAMPULHA,AVE,DOM ORIONE,200,34432634,SÃO LUÍZ,POINT (607026.985514608 7803303.66115352)
360,425,CENTRO DE REFERENCIA EM SAUDE MENTAL,CERSAM,CENTRO DE REFERENCIA EM SAUDE MENTAL LESTE,RUA,PIRITE,150,,SANTA TEREZA,POINT (613944.732295044 7797863.45961866)
361,182,CENTRO DE SAUDE,CS,CENTRO DE SAUDE HAVAI,RUA,PAULO DINIZ CARNEIRO,742,"32779640, 32779641, 32776484",HAVAÍ,POINT (607489.605642624 7791900.08901343)
362,642,CENTRO DE ESTERILIZACAO DE CAES E GATOS,CECG,CENTRO DE ESTERILIZACAO DE CAES E GATOS BARREIRO,RUA,ANTONIO PRACA PIEDADE,105,,BONSUCESSO,POINT (605415.632097356 7789989.23126712)
363,344,ACADEMIA DA CIDADE,ACADEMIA,ACADEMIA DA CIDADE HAVAI,AVE,COSTA DO MARFIM,480,,HAVAÍ,POINT (607687.040612968 7792229.5752516)
364,329,CENTRO DE SAUDE,CS,CENTRO DE SAUDE LINDEIA - MARIA MADALENA TEODORO,RUA,FLOR DE MAIO,172,"32779112, 32775824, 32775825",LINDÉIA,POINT (599738.261103605 7790540.14912939)
365,529,ACADEMIA DA CIDADE,ACADEMIA,ACADEMIA DA CIDADE JARDIM VITORIA,RUA,HENRIQUETA LISBOA,150,,VITÓRIA,POINT (617046.906868699 7803669.57622453)
366,395,SERVICO DE URGENCIA PSIQUIATRICA NOTURNA,SUP,SERVICO DE URGENCIA PSIQUIATRICO,RUA,MANOEL ALEXANDRINO,541,,SAO PAULO,POINT (612529.619884038 7802974.92722809)
367,803,SERVICO DE RESIDENCIA TERAPEUTICA,SRT,SERVICO DE RESIDENCIA TERAPEUTICA CORCOVADO,RUA,CORCOVADO,1440,25516464,JARDIM AMÉRICA,POINT (607578.916912176 7793688.11236426)
368,247,ACADEMIA DA CIDADE,ACADEMIA,ACADEMIA DA CIDADE FAZENDINHA,RUA,ENEIDA,1485,,COQUEIROS,POINT (602400.390705337 7799466.74214726)
369,942,CENTRO DE SAUDE,CS,CENTRO DE SAUDE COQUEIROS,RUA,ENEIDA,1583,"32778428, 32777120, 32777121",COQUEIROS,POINT (602345.547193565 7799533.52932476)
370,248,CENTRO DE SAUDE,CS,CENTRO DE SAUDE GLORIA,RUA,ENEIDA,955,"32777126, 32777176",NOVO GLÓRIA,POINT (602912.078327279 7799107.73522208)
371,455,CENTRO DE ESPECIALIDADES MEDICAS,CEM,CENTRO DE ESPECIALIDADES MEDICAS NORTE,RUA,PROFESSOR HERMINIO GUERRA,75,,ITAPOÃ,POINT (608447.241490302 7805812.81042346)
372,148,FARMACIA DISTRITAL,FARMACIA,FARMACIA DISTRITAL CENTRO SUL,RUA,PERNAMBUCO,237,,FUNCIONÁRIOS,POINT (611664.316413153 7795968.88412612)
373,287,ACADEMIA DA CIDADE,ACADEMIA,ACADEMIA DA CIDADE GOIANIA,RUA,TIZIU,175,,GOIÂNIA,POINT (615292.751770397 7802753.90305518)
374,442,ACADEMIA DA CIDADE,ACADEMIA,ACADEMIA DA CIDADE CALIFORNIA,RUA,DOS VIOLOES,570,,CONJUNTO CALIFÓRNIA I,POINT (603906.547597255 7797006.26484274)
375,290,ANEXO DO CENTRO DE SAUDE,ANEXO CS,ANEXO DO CENTRO DE SAUDE CALIFORNIA,RUA,DOS VIOLOES,570,,CONJUNTO CALIFÓRNIA I,POINT (603906.56013275 7797006.24297473)
376,232,ACADEMIA DA CIDADE,ACADEMIA,ACADEMIA DA CIDADE JARDIM BELMONTE,RUA,PAPA HONORIO III,8,,BELMONTE,POINT (614607.456142648 7804665.67391977)
377,231,CENTRO DE SAUDE,CS,CENTRO DE SAUDE OLAVO ALBINO CORREA,RUA,PAPA HONORIO III,8,"32776795, 32777961",BELMONTE,POINT (614607.456142648 7804665.67391977)
378,782,SERVICO DE RESIDENCIA TERAPEUTICA,SRT,SERVICO DE RESIDENCIA TERAPEUTICA HELIOPOLIS,RUA,MONSENHOR NEGROMONTE,170,34947213,PLANALTO,POINT (609201.40798977 7807172.34982038)
379,783,SERVICO DE RESIDENCIA TERAPEUTICA,SRT,SERVICO DE RESIDENCIA TERAPEUTICA PLANALTO,RUA,MONSENHOR NEGROMONTE,181,34951332,PLANALTO,POINT (609213.055856672 7807196.369435)
380,622,ACADEMIA DA CIDADE,ACADEMIA,ACADEMIA DA CIDADE JARDIM ALVORADA,RUA,FLOR DAS COBRAS,10,,JARDIM ALVORADA,POINT (606119.55508737 7798913.99465741)
381,270,CENTRO DE DIAGNOSTICO POR IMAGEM,CDI,CENTRO DE DIAGNOSTICO POR IMAGEM,RUA,PROFESSOR OCTAVIO COELHO DE MAGALHAES,111,,MANGABEIRAS,POINT (613322.217621457 7793819.58161041)
382,271,CENTRO DE REABILITACAO,CREAB,CENTRO GERAL DE REABILITACAO ,RUA,PROFESSOR OCTAVIO COELHO DE MAGALHAES,111,,MANGABEIRAS,POINT (613322.217621457 7793819.58161041)
383,406,CENTRO DE SAUDE,CS,CENTRO DE SAUDE GOIANIA,RUA,POMBA,677,"32776653, 32776669, 32779491",GOIÂNIA,POINT (615404.499452296 7803251.15184163)
384,361,ACADEMIA DA CIDADE,ACADEMIA,ACADEMIA DA CIDADE URUCUIA,RUA,ULISSES SURETTE,386,,NOVO SANTA CECÍLIA,POINT (603240.782418449 7787480.68187508)
385,451,CENTRO DE SAUDE,CS,CENTRO DE SAUDE JARDIM VITÓRIA - MARCELO PONTEL GOMES,RUA,BRANCA,15,"32777474, 32779988, 32778028",VITÓRIA,POINT (617025.376819711 7803656.14940555)
386,370,CENTRAL DE ESTERILIZACAO,CEST,CENTRAL DE ESTERILIZACAO CENTRO SUL,RUA,CORONEL JORGE DAVIS,500,,NOSSA SENHORA DO ROSÁRIO,POINT (613463.221558918 7795451.5194342)
387,369,CENTRO DE SAUDE,CS,CENTRO DE SAUDE NOSSA SENHORA DA CONCEICAO - PADRE TARCISIO,RUA,CORONEL JORGE DAVIS,500,"32778250, 32778264",NOSSA SENHORA DO ROSÁRIO,POINT (613463.221558918 7795451.5194342)
388,391,CENTRO DE ESPECIALIDADES ODONTOLOGICAS,CEO,CENTRO DE ESPECIALIDADES ODONTOLOGICAS CENTRO SUL,RUA,DOS CARIJOS,528,,CENTRO,POINT (610899.671025744 7797183.82682805)
389,389,UNIDADE DE DISPENSACAO DE MEDICAMENTOS,UDM,UDM,RUA,DOS CARIJOS,528,,CENTRO,POINT (610899.671025744 7797183.82682805)
390,883,SERVICO DE RESIDENCIA TERAPEUTICA,SRT,CASA DE APOIO BH DE MAOS DADAS,RUA,ALEM PARAIBA,181,,BONFIM,POINT (610563.517120648 7798037.01924135)
391,142,CENTRAL DE ATENDIMENTO AO VIAJANTE,CAV,CENTRAL DE ATENDIMENTO AO VIAJANTE,RUA,PARAIBA,890,,SAVASSI,POINT (611631.431986101 7795429.86384213)
392,139,CENTRO DE ESPECIALIDADES MEDICAS,CEM,CENTRO DE ESPECIALIDADES MEDICAS CENTRO SUL,RUA,PARAIBA,890,,SAVASSI,POINT (611631.262658538 7795429.86384213)
393,141,UNIDADE DE REFERENCIA SECUNDARIA,URS,UNIDADE DE REFERENCIA SECUNDARIA CENTRO SUL,RUA,PARAIBA,890,,SAVASSI,POINT (611631.431986101 7795430.03316969)
394,328,ANEXO DO CENTRO DE SAUDE,ANEXO CS,ANEXO DO CENTRO DE SAUDE SANTA ROSA,RUA,DOS OTIS,60,,SUZANA,POINT (611698.182095677 7803159.58048072)
