ID_EQUIP_EDUCACAO,NOME,DEPENDENCIA_ADM,CODIGO_INEP,TIPO_LOGRADOURO,LOGRADOURO,NUMERO,COMPLEMENTO,BAIRRO,REGIONAL,GEOMETRIA
1982984,CRECHE CENTRO INFANTIL UNIAO,Creches Conveniadas,31290190,RUA,ROTARY CLUB,86,,Conjunto Santa Maria,CENTRO-SUL,POINT (609083.12801903 7793508.91484573)
1982057,NÚCLEO INFANTIL MARIA CÂNDIDA CORRÊA,Creches Conveniadas,31304000,RUA,PROFESSOR RAIMUNDO NONATO,220,,Santa Tereza,LESTE,POINT (613474.839953531 7797880.0551128)
1982209,CRECHE LAR CRISTÃO DA CRIANÇA,Creches Conveniadas,31281867,RUA,SALVADOR PIRRI,292,,Milionários,BARREIRO,POINT (604402.374504423 7790508.1756375)
1982100,CRECHE COMUNITÁRIA JESUS E AS CRIANÇAS,Creches Conveniadas,31257842,RUA,SANTA AMELIA,370,,São Marcos,NORDESTE,POINT (613894.454478064 7802400.77493339)
1981842,CRECHE MADRE MAZZARELLO,Creches Conveniadas,31308684,RUA,SANTAREM,278,,Nova Cintra,OESTE,POINT (605562.540059333 7793842.72689926)
1982324,SABER SISTEMA AGUIOS BAT ENS,Creches Conveniadas,31293091,RUA,SANTAREM,386,,Nova Cintra,OESTE,POINT (605774.796337355 7793708.25427077)
1982047,ESCOLA MUNICIPAL PROFESSOR LOURENCO DE OLIVEIRA,Municipal,31005291,RUA,SAO GOTARDO,321,,Santa Tereza,LESTE,POINT (613962.499185194 7797749.09177001)
1981850,CRECHE CASINHA FELIZ DA COMUNIDADE VILA SÃO JOSÉ,Creches Conveniadas,31308498,AVENIDA,SIDERAL,605,,Vila Madre Gertrudes I,OESTE,POINT (604275.644123438 7793581.77001627)
1982158,GRUPAC GRUPO DE APOIO A CRIANÇA PADRE TEODORO,Creches Conveniadas,31309125,RUA,TIRO,50,,São Salvador,NOROESTE,POINT (603198.44000799 7800100.76309413)
1983089,EMEI SOLAR RUBI,EMEIS,31361933,AVENIDA,WARLEY APARECIDO MARTINS,730,,Solar do Barreiro,BARREIRO,POINT (603055.679705693 7787074.4745574)
1981711,ESCOLA MUNICIPAL SOLAR RUBI,Municipal,31358614,AVENIDA,WARLEY APARECIDO MARTINS,854,,Solar do Barreiro,BARREIRO,POINT (603097.815970046 7786942.36144864)
1982239,ESCOLA MUNICIPAL AUGUSTA MEDEIROS,Municipal,31003077,RUA,GENERAL CLARK,28,,São Salvador,NOROESTE,POINT (603119.271656904 7800256.91131061)
1983125,EMEI VILA MARIA,EMEIS,31361925,RUA,ZELIA JACINTA DA COSTA,7,,Jardim Vitória,NORDESTE,POINT (616832.465292407 7804909.53428269)
1981812,ESCOLA MUNICIPAL CONEGO RAIMUNDO TRINDADE,Municipal,31003514,RUA,BRODOSQUI,51,,Piratininga,VENDA NOVA,POINT (605881.901608916 7809656.12812728)
1981837,CRECHE PRIMEIRO DE MAIO,Creches Conveniadas,31257516,RUA,HERCULANO MOURAO SALAZAR,95,,Vila Vista Alegre,OESTE,POINT (605500.250951521 7793452.18639264)
1982099,CRECHE OÁSIS,Creches Conveniadas,31291501,RUA,JOAZEIRO,41,,São Cristóvão,NORDESTE,POINT (610554.763850532 7799173.71179274)
1983090,EMEI BALEIA,EMEIS,31361690,RUA,JURAMENTO,660,,Paraíso,LESTE,POINT (615200.43129766 7796882.34819315)
1982511,CRECHE NOSSA SENHORA AUXILIADORA DO BAIRRO SANTA MARIA,Creches Conveniadas,31309524,RUA,GONCALVES CRESPO,23,,Santa Maria,OESTE,POINT (603589.317765151 7795233.86373739)
1981822,CRECHE CENTRO INFANTIL AMÉLIA CRISPIM,Creches Conveniadas,31281468,RUA,LUNDS FERREIRA,145,,Nova Vista,LESTE,POINT (615071.862093397 7800827.22522487)
1983084,EMEI VILA CLÓRIS,EMEIS,31357774,RUA,DAS GAIVOTAS,838,,Xodó-Marize,NORTE,POINT (610783.363391949 7807596.37738357)
1983063,EMEI ALESSANDRA SALUM CADAR,EMEIS,31232025,RUA,BUDAPESTE,68,,Europa,VENDA NOVA,POINT (607961.19844412 7809851.69831953)
1982088,CENTRO DE EDUCAÇÃO COMUNITÁRIA SAGRADO CORAÇÃO DE JESUS,Creches Conveniadas,31282278,RUA,MARIO MACHADO,69,,Três Marias,NORDESTE,POINT (615244.497089578 7804221.97423355)
1982965,CENTRO PEDAGÓGICO CASA VERDE,Creches Conveniadas,31347019,RUA,JOSUE MARTINS DE SOUZA,941,,Lagoa,VENDA NOVA,POINT (604275.512189929 7809119.60733453)
1982693,CENTRO PEDAGOGICO CASA VERDE,Creches Conveniadas,31347019,RUA,JOSUE MARTINS DE SOUZA,941,,Lagoa,VENDA NOVA,POINT (604275.512189929 7809119.60733453)
1982073,CRECHE SANTA TEREZINHA DO BAIRRO JAQUELINE,Creches Conveniadas,31290106,RUA,SENHORA DO BELO RAMO,175,,Jaqueline,NORTE,POINT (611083.990383291 7809993.22951127)
1983139,EMEI PILAR OLHOS D´ÁGUA,EMEIS,31357375,AVENIDA,SIGMUND WEISS,25,,Pilar,BARREIRO,POINT (607631.768718652 7788232.90876148)
1983178,EMEI LINDÉIA,EMEIS,31361976,RUA,DOS PINHOS,91,,Lindéia,BARREIRO,POINT (599257.619085437 7790759.87440495)
1982042,ESCOLA MUNICIPAL PROFESSORA EFIGENIA VIDIGAL,Municipal,31003212,RUA,JOSE GUALBERTO,295,,Palmeiras,OESTE,POINT (606446.519305394 7791518.47999298)
1981739,ESCOLA MUNICIPAL DEPUTADO MILTON SALLES,Municipal,31003298,RUA,TEOFILO FILHO,222,,Jardim América,OESTE,POINT (607847.620184788 7793148.99810574)
1981839,LAR ESPÍRITA ESPERANÇA,Creches Conveniadas,31004383,RUA,DOUTOR SAMUEL HAHNEMANN,99,,Salgado Filho,OESTE,POINT (606757.329914442 7793809.50366175)
1981846,CASAS LARES ANA G. CASTILHO,Creches Conveniadas,31290076,RUA,DOUTOR SAMUEL HAHNEMANN,165,,Salgado Filho,OESTE,POINT (606854.56491038 7793804.2147383)
1983388,ESCOLA INFANTIL E CASA DE BRINCAR ABELHINHA DOURADAULL,Creches Conveniadas,31377228,RUA,CARLOS GARDEL,200,,Ribeiro de Abreu,NORDESTE,POINT (615310.882799906 7806092.8919)
1982077,LAR CRECHE PINGO DE GENTE,Creches Conveniadas,31308536,RUA,SEBASTIAO CARDOSO ANTOLIN,132,,Jardim Guanabara,NORTE,POINT (611314.923498644 7807243.37923532)
1983079,EMEI PROFESSORA ACIDÁLIA LOTT,EMEIS,31357570,RUA,ANTONIO MARIANO DE ABREU,1364,,Paulo VI,NORDESTE,POINT (616263.518527673 7806504.37965654)
1981756,ESCOLA MUNICIPAL PROFESSORA ACIDALIA LOTT,Municipal,31003697,RUA,ANTONIO MARIANO DE ABREU,1231,,Paulo VI,NORDESTE,POINT (616172.368964826 7806392.50242883)
1981847,CRECHE SEMENTINHA ALEGRE,Creches Conveniadas,31309281,RUA,DO GROTAO,7,,Havaí,OESTE,POINT (607485.817274613 7793275.1224335)
1983129,EMEI SANTA CRUZ,EMEIS,31357545,RUA,FLORICENA FARIA FRAGA,241,,Santa Cruz,NORDESTE,POINT (610933.116170208 7801443.29982467)
1981902,ESCOLA MUNICIPAL MONSENHOR ARTUR DE OLIVEIRA,Municipal,31002631,RUA,FORNACIARI,157,,Caiçaras,NOROESTE,POINT (608321.261481148 7798575.82349117)
1982514,CRECHE COMUNITÁRIA AURÉLIO PIRES,Creches Conveniadas,31282022,PRACA,SANTO ANTONIO,125,,Aeroporto,PAMPULHA,POINT (609376.737796877 7804287.93080828)
1982263,ESCOLA MUNICIPAL POLO DE EDUCAÇÃO INTEGRADA,Municipal,31369446,PRACA,MODESTINO SALES BARBOSA,50,,Flávio Marques Lisboa,BARREIRO,POINT (603996.151231026 7788640.30583698)
1983241,CANTINHO DA PAZ,Creches Conveniadas,31373095,RUA,DOMINGOS RODRIGUES,260,,Conjunto Taquaril,LESTE,POINT (617956.571770211 7796764.37220682)
1982085,CRECHE SÃO GERALDO,Creches Conveniadas,31282308,PRACA,MUQUI,121,,Renascença,NORDESTE,POINT (611157.658756232 7800313.38981458)
1982725,INSTITUTO EDUCACIONAL RAIO DE SOL,Creches Conveniadas,31355763,RUA,CENTRAL,1176,,Jardim Leblon,VENDA NOVA,POINT (605954.531005475 7807147.5887332)
1983100,EMEI SÃO BERNARDO,EMEIS,31357766,RUA,CECILIA PINTO,105,,São Bernardo,NORTE,POINT (610540.209935349 7805193.70644028)
1982184,ESCOLA INCLUSIVA RENASCER,Creches Conveniadas,31308501,RUA,BANGU,316,,Alto Caiçaras,NOROESTE,POINT (606987.520903808 7799180.20047198)
1983144,EMEI GRANJA DE FREITAS,EMEIS,31357510,RUA,SAO VICENTE,371,,Granja de Freitas,LESTE,POINT (616751.812689348 7798244.82086579)
1981935,ESCOLA MUNICIPAL DOUTOR JULIO SOARES,Municipal,31346853,RUA,SAO VICENTE,200,,Granja de Freitas,LESTE,POINT (616862.447182267 7798349.57954247)
1982179,ESCOLA MUNICIPAL DINORAH MAGALHAES FABRI,Municipal,31003174,RUA,PAVAO,295,,Esperança,BARREIRO,POINT (605596.842771604 7788859.29126313)
1983059,EMEI GRAJAÚ,EMEIS,31357863,RUA,SANTA INES,75,,São Jorge II,OESTE,POINT (608629.870449769 7794530.46691177)
1981843,CRECHE SANTA SOFIA,Creches Conveniadas,31308692,RUA,HELIOTERIO,85,,Santa Sofia,OESTE,POINT (608245.5811222 7793676.29077685)
1982525,CRECHE DAS PERPÉTUAS,Creches Conveniadas,31281743,RUA,GUARUBA,25,,Alípio de Melo,PAMPULHA,POINT (604109.177018791 7799629.72897176)
1983154,EMEI VILA APOLÔNIA,EMEIS,31357995,RUA,MARROCOS,678,,Apolônia,VENDA NOVA,POINT (605490.545592785 7807296.10850243)
1982172,ESCOLA MUNICIPAL PERSIO PEREIRA PINTO,Municipal,31002976,RODOVIA,ANEL RODOVIARIO CELSO MELLO AZEVEDO,28177,,Capitão Eduardo,NORDESTE,POINT (617523.557748696 7805941.22428519)
1982097,NÚCLEO ESPÍRITA INFANTIL VOVÓ SILVINHA - NEIVOS,Creches Conveniadas,31308889,RODOVIA,MG CINCO,501,,Goiânia,NORDESTE,POINT (614718.832761554 7803184.16547651)
1981849,CENTRO DE EDUCAÇÃO INFANTIL JOÃO PAULO II,Creches Conveniadas,31281841,RUA,MAQUINE,86,,Salgado Filho,OESTE,POINT (606942.350168755 7794765.57905538)
1982075,EDUCANDARIO E CRECHE MENINO JESUS,Creches Conveniadas,31282294,RUA,ITAPAGIPE,622,,Concórdia,NORDESTE,POINT (611520.58310123 7798933.98058933)
1981910,ESCOLA MUNICIPAL AMERICO RENE GIANNETTI,Municipal,31002879,RUA,JUNDIAI,557,,Concórdia,NORDESTE,POINT (610924.408558632 7799424.07083288)
1982035,ESCOLA MUNICIPAL HUGO PINHEIRO SOARES,Municipal,31002861,RUA,JUNDIAI,567,,Concórdia,NORDESTE,POINT (610939.094407323 7799455.22449164)
1982522,CRECHE OÁSIS DE ESPERANÇA,Creches Conveniadas,31308897,RUA,JORDANIA,300,,Ouro Preto,PAMPULHA,POINT (605880.400865254 7802377.43968321)
1982183,ICA - INSTITUTO CRISTÃO ÁGAPE,Creches Conveniadas,31308731,RUA,GRUPIARA,66,,Bonfim,NOROESTE,POINT (609754.084123549 7797864.83821016)
1983128,EMEI PINDORAMA,EMEIS,31357685,RUA,GUARARAPES,1850,,Pindorama,NOROESTE,POINT (602472.022354736 7798078.0648085)
1982181,CRECHE COMUNITÁRIA CRIANÇA ESPERANÇA,Creches Conveniadas,31303721,RUA,GUARARAPES,195,,Novo Glória,NOROESTE,POINT (603582.630385427 7798802.41736864)
1981956,ESCOLA MUNICIPAL PADRE FRANCISCO CARVALHO MOREIRA,Municipal,31218618,RUA,ITAITUBA,12,,São Geraldo,LESTE,POINT (614747.553037237 7799286.42884951)
1983108,EMEI SANTA AMÉLIA,EMEIS,31357944,RUA,MANOEL EUSTAQUIO,98,,Santa Amélia,PAMPULHA,POINT (606490.923176927 7805382.02810795)
1983152,EMEI CAETANO FURQUIM,EMEIS,31357529,RUA,MAIRINK,625,,Casa Branca,LESTE,POINT (616222.874761139 7799302.42559341)
1982218,ESCOLA MUNICIPAL JOSEFINA SOUZA LIMA,Municipal,31003522,RUA,MARIA ORTIZ,195,,Minaslândia,NORTE,POINT (611943.603159458 7804050.01923449)
1982058,CRECHE IRMÃO OTHO,Creches Conveniadas,31303640,RUA,MARIA MACAFERRI,171,,Paraíso,LESTE,POINT (614364.541815533 7796304.61578891)
1982189,CRECHE TIA IOLANDA,Creches Conveniadas,31340154,RUA,MARIO CAMPOS,350,,Inconfidência,NOROESTE,POINT (604817.643469012 7798564.46580299)
1982126,ESCOLA MUNICIPAL DA VILA PINHO,Municipal,31217859,RUA,COLETORA,956,,Vila Pinho,BARREIRO,POINT (602168.16299243 7787835.01975063)
1981925,ESCOLA MUNICIPAL PROFESSOR DOMICIANO VIEIRA,Municipal,31003344,RUA,SAO BENTO,1591,,Sagrada Família,LESTE,POINT (613484.207232651 7798909.86549788)
1982084,ASSOCIAÇÃO COMUNITÁRIA DA VILA PRESIDENTE VARGAS,Creches Conveniadas,31282341,BECO,UM,45,,São Benedito,NORDESTE,POINT (615341.039434595 7802456.47359609)
1982543,CRECHE ARCO-ÍRIS,Creches Conveniadas,31345245,RUA,VISCONDE DE ITABORAI,191,,Jardim Leblon,VENDA NOVA,POINT (606159.003206482 7807145.42917277)
1983056,EMEI PROFESSORA MARÍLIA TANURE PEREIRA,EMEIS,31002640,RUA,VINTE E OITO DE SETEMBRO,138,,Esplanada,LESTE,POINT (614605.576090149 7798985.81003959)
1983389,ESCOLA INFANTIL UNIPED,Creches Conveniadas,31376183,RUA,DAS CODORNAS,149,,Vila Clóris,NORTE,POINT (610029.217800031 7807251.80300006)
1981741,ESCOLA MUNICIPAL BENJAMIM JACOB,Municipal,31003158,RUA,VENEZUELA,643,,Sion,CENTRO-SUL,POINT (611238.591717997 7793276.77209772)
1982067,CRECHE AGOSTINHO CÂNDIDO DE SOUZA,Creches Conveniadas,31281379,RUA,VOLTS,80,,Primeiro de Maio,NORTE,POINT (612105.254691036 7803398.20191002)
1981886,ESCOLA MUNICIPAL PRESIDENTE JOAO PESSOA,Municipal,31232017,RUA,CONGONHAS,639,,Santo Antônio,CENTRO-SUL,POINT (610755.426471474 7794416.15018061)
1982177,ESCOLA MUNICIPAL MARIO MOURAO FILHO,Municipal,31003620,RUA,MARIA GERTRUDES SANTOS,1029,,Céu Azul,VENDA NOVA,POINT (604280.8307595 7808989.97372108)
1983189,EMEI PEDRO LESSA,EMEIS,31368644,RUA,PEDRO LESSA,506,,Pedreira Prado Lopes,NOROESTE,POINT (609847.377605913 7798787.63037849)
1981769,CRECHE MENINO JESUS,Creches Conveniadas,31281476,RUA,PAULO AFONSO,630,,Santo Antônio,CENTRO-SUL,POINT (610286.262668566 7794524.15819589)
1983092,EMEI GUARANI,EMEIS,31361828,RUA,PACAEMBU,10,,Guarani,NORTE,POINT (612727.345922257 7805714.77037922)
1981807,ESCOLA MUNICIPAL SECRETARIO HUMBERTO ALMEIDA,Municipal,31003786,TRAVESSA,SERRA DO ITATIAIA,3,,Ribeiro de Abreu,NORTE,POINT (614919.025369371 7807828.61011327)
1983149,EMEI CACHOEIRINHA,EMEIS,31357553,RUA,CONDE SANTA MARINHA,370,,Cachoeirinha,NORDESTE,POINT (610414.782397763 7799923.57915941)
1983080,EMEI ITAMARATI,EMEIS,31357987,RUA,DOS COMANCHES,245,,Santa Mônica,VENDA NOVA,POINT (606769.245159449 7806804.64853768)
1983153,EMEI CAVALINHO DE PAU,EMEIS,31357634,RUA,CIRCULAR,315,,São Gabriel,NORDESTE,POINT (613824.719372853 7804337.03081412)
1981859,ESCOLA MUNICIPAL OSWALDO FRANCA JUNIOR,Municipal,31219223,RUA,CIRCULAR,335,,São Gabriel,NORDESTE,POINT (613803.50281548 7804366.61479238)
1983048,EMEI PRIMEIRO DE MAIO,EMEIS,31357740,RUA,CINCO DE JULHO,119,,Providência,NORTE,POINT (612287.042574385 7803784.33331409)
1982095,OBRA EDUCACIONAL CATARINA COMENSOLI,Creches Conveniadas,31004049,RUA,LAGO,425,,São Marcos,NORDESTE,POINT (614151.922720361 7802436.44767231)
1983116,EMEI CAMARGOS,EMEIS,31361739,RUA,GENTIL PORTUGAL DO BRASIL,61,,Camargos,OESTE,POINT (602435.913802564 7795501.199322)
1982527,INSTITUTO DE EDUCAÇÃO ARCA DE NOÉ,Creches Conveniadas,31315249,RUA,MAESTRO GEORGE MARINUZZI,321,,Manacás,PAMPULHA,POINT (604759.988525695 7800038.16583562)
1983244,CRECHE CANTINHO ENCANTADOR,Creches Conveniadas,31373486,RUA,ROSA DE PEDRA,140,,Etelvina Carneiro,NORTE,POINT (611405.405148104 7808983.0651273)
1981962,ESCOLA MUNICIPAL FERNANDO DIAS COSTA,Municipal,31217875,RUA,PEDRO ALEXANDRINO MENDONCA,59,,Conjunto Taquaril,LESTE,POINT (617442.995849925 7797017.35071378)
1982039,ESCOLA MUNICIPAL ELOY HERALDO LIMA,Municipal,31217824,RUA,ENGRACIA COSTA E SILVA,56,,Vale do Jatobá,BARREIRO,POINT (600257.534902299 7787691.16903103)
1981848,GRUPO DE APOIO A CRIANÇA E AO ADOLESCENTE DA CABANA E REGIÃO,Creches Conveniadas,31257508,RUA,JOAO PIRES,455,,Cabana do Pai Tomás,OESTE,POINT (604811.11276033 7794204.34329329)
1983045,EMEI JOSÉ ISIDORO FILHO,EMEIS,31357340,RUA,ATLANTA,42,,Esperança,BARREIRO,POINT (605670.354473502 7788928.58715816)
1981973,ESCOLA MUNICIPAL DOM BOSCO,Municipal,31331589,RUA,BICUIBA,100,,Dom Bosco,NOROESTE,POINT (604651.011447479 7797435.80553852)
1983126,EMEI VILA CALAFATE,EMEIS,31361720,RUA,CONTENDAS,254,,Alto Barroca,OESTE,POINT (607671.365262961 7795749.12885666)
1981945,ESCOLA MUNICIPAL MAGALHAES DRUMOND,Municipal,31003107,RUA,CONTENDAS,200,,Alto Barroca,OESTE,POINT (607663.0699436 7795797.38903345)
1981745,ESCOLA MUNICIPAL PADRE FLAVIO GIAMMETTA,Municipal,31002658,RUA,SEBASTIAO MARIA DA SILVA,175,,Átila de Paiva,BARREIRO,POINT (601765.361744416 7790686.09942163)
1983176,EMEI BELMONTE,EMEIS,31357596,RUA,DOM SILVERIO GOMES PIMENTA,325,,Belmonte,NORDESTE,POINT (615147.121914286 7805176.56992836)
1981757,ESCOLA MUNICIPAL PROFESSORA CONSUELITA CANDIDA,Municipal,31003701,RUA,DOM SILVERIO GOMES PIMENTA,301,,Belmonte,NORDESTE,POINT (615209.435759631 7805282.03846055)
1981773,CRECHE CENTRO MATERNO INFANTIL ANA MARIA DE CASTRO VEADO,Creches Conveniadas,31258351,RUA,DOUTOR CAMILO ANTONIO NOGUEIRA,451,,Nossa Senhora da Conceição,CENTRO-SUL,POINT (613571.159660752 7795221.47625882)
1983075,EMEI SANTA ROSA,EMEIS,31362140,RUA,CALDAS DA RAINHA,527,,São Francisco,PAMPULHA,POINT (609786.86960047 7802436.2777069)
1983134,EMEI CÉU AZUL,EMEIS,31358045,RUA,SAO JOAO BATISTA DO GLORIA,530,,Piratininga,VENDA NOVA,POINT (605584.76260971 7808094.17605809)
1981892,CRECHE COMUNITÁRIA PADRE FRANCISCO CARVALHO MOREIRA,Creches Conveniadas,31281531,RUA,TUCUMAN,564,,São Geraldo,LESTE,POINT (615373.932107491 7799526.18004884)
1982186,CENTRO PEDAGÓGICO ANUNCIATA,Creches Conveniadas,31319414,RUA,VIRGILIO,210,,Glória,NOROESTE,POINT (603828.175136873 7799216.29312543)
1981840,ORGANIZAÇÃO EDUCACIONAL JOÃO XXIII - AMPC,Creches Conveniadas,31000981,RUA,VISCONDE DE CAIRU,75,,Madre Gertrudes,OESTE,POINT (603985.143028891 7794022.51030487)
1983246,INSTITUTO DE EDUCACAO  INFANTIL CLUBE DO MICKEY,Creches Conveniadas,31374059,RUA,ELI ANTONIO DA COSTA,75,,Lagoa,VENDA NOVA,POINT (604632.43356028 7809677.60375598)
1981832,ESCOLA MUNICIPAL FLORESTAN FERNANDES,Municipal,31283011,RUA,PAU-FERRO,360,,Solimões,NORTE,POINT (612627.167159905 7807917.92193411)
1981813,ESCOLA MUNICIPAL PROFESSOR MOACYR ANDRADE,Municipal,31003743,RUA,DOS CACADORES,93,,Lagoa,VENDA NOVA,POINT (605029.83378028 7809498.27025879)
1981731,ESCOLA MUNICIPAL WLADIMIR DE PAULA GOMES,Municipal,31003433,RUA,UARIRA,350,,Casa Branca,LESTE,POINT (616129.779179037 7799287.09871316)
1981893,CRECHE CRIANÇA FELIZ DA COMUNIDADE DOS AMIGOS DO BAIRRO CAETANO FURQUIM,Creches Conveniadas,31289604,RUA,UARIRA,317,,São Geraldo,LESTE,POINT (616107.325745019 7799207.84484505)
1981703,ESCOLA MUNICIPAL JARDIM LEBLON,Municipal,31362247,RUA,SILVA XAVIER,15,,Jardim Leblon,VENDA NOVA,POINT (606246.532843683 7807361.74514228)
1983081,EMEI CAPIVARI,EMEIS,31357464,RUA,CAPIVARI,1026,,Marçola,CENTRO-SUL,POINT (613971.965414446 7794757.97060405)
1983383,CRECHE CASULO JARDIM DAS BORBOLETAS,Creches Conveniadas,31378380,RUA,CONSELHEIRO JOAQUIM CAETANO,1520,,Nova Granada,OESTE,POINT (607956.224245871 7794080.9037)
1982066,CAD - CRECHE ABELHINHA DOURADA,Creches Conveniadas,31290033,RUA,RIO GRANDE,375,,Minaslândia,NORTE,POINT (611910.834174225 7804403.50728302)
1981776,CRECHE EDUCACIONAL NASCER DA ESPERANÇA,Creches Conveniadas,31281344,RUA,H,280,,Vila Barragem Santa Lúcia,CENTRO-SUL,POINT (610704.731020743 7793596.98691892)
1982610,INSTITUTO BENEFICENTE FILADELFIA,Creches Conveniadas,31360708,RUA,CONSELHEIRO LAFAIETE,1580,,Sagrada Família,LESTE,POINT (612752.998743862 7799423.08103435)
1983051,EMEI MARIA DA GLÓRIA LOMMEZ,EMEIS,31205681,RUA,CARMO DO RIO CLARO,145,,Pedreira Prado Lopes,NOROESTE,POINT (609909.510042683 7798824.16294239)
1983058,EMEI PEDREIRA PRADO LOPES,EMEIS,31357715,RUA,CARMO DO RIO CLARO,203,,Pedreira Prado Lopes,NOROESTE,POINT (609912.725921959 7798907.70593746)
1983124,EMEI IPIRANGA,EMEIS,31361836,RUA,DOM CABRAL,133,,Ipiranga,NORDESTE,POINT (611784.219235061 7800719.06724011)
1982094,CRECHE LAR DOS MENINOS SÃO DOMINGOS OBRA SOCIAL - LMSDOS,Creches Conveniadas,31282391,RUA,DOM CABRAL,25,,Vila Ipiranga,NORDESTE,POINT (611655.221246895 7800651.40101338)
1982883,C INF SARGENTO MARIZETH CARDOSO DA MATA,Creches Conveniadas,31332101,RUA,DIABASE,320,,Prado,OESTE,POINT (608762.282217474 7796805.11391397)
1981872,ESCOLA MUNICIPAL PRESIDENTE TANCREDO NEVES,Municipal,31003689,RUA,RADIALISTA JOAQUIM DA FONSECA,45,,Céu Azul,VENDA NOVA,POINT (604476.331481913 7808291.66585962)
1982074,OFICINA ESCOLA DE ANGELIS,Creches Conveniadas,31289833,RUA,SANTA CLARA DE ASSIS,96,,Minaslândia,NORTE,POINT (611831.220547548 7804341.67986782)
1982214,SICRA - SOCIEDADE IRMÃOS DAS CRIANÇAS,Creches Conveniadas,31210064,RUA,MARCELO ROBSON DOS SANTOS,149,,Brasil Industrial,BARREIRO,POINT (603042.89040119 7788118.27209544)
1981734,ESCOLA MUNICIPAL JOSE MADUREIRA HORTA,Municipal,31003549,RUA,JOAQUIM RAYMUNDO BRAGA,40,,Santa Amélia,PAMPULHA,POINT (606837.586716974 7806357.19961461)
1983105,EMEI BRAÚNAS,EMEIS,31357928,RUA,AUREA ELIZA VALADAO,40,,Braúnas,PAMPULHA,POINT (603485.601535597 7805832.99631468)
1982054,CENTRO DE EDUCAÇÃO INFANTIL LUCINDA ÁLVARES DE OLIVEIRA LEITE,Creches Conveniadas,31289566,RUA,MADRE ISABEL TEJERO,100,,Mariano de Abreu,LESTE,POINT (616182.97312059 7799857.78255212)
1983172,EMEI MALDONADO,EMEIS,31361704,RUA,ALCINDO GONCALVES COTTA,105,,Diamante,BARREIRO,POINT (602072.461723531 7789996.86971234)
1982170,ESCOLA MUNICIPAL ANTONIO SALLES BARBOSA,Municipal,31002992,RUA,SABINO JOSE FERREIRA,5,,Tirol,BARREIRO,POINT (599856.110710283 7789971.46488342)
1982198,CRECHE COMUNITÁRIA MARIA BESSA,Creches Conveniadas,31281310,RUA,CLOVIS DE SOUZA MUNHOZ,53,,Lindéia,BARREIRO,POINT (598925.756835901 7789789.50192145)
1981744,ESCOLA MUNICIPAL LUIZ GATTI,Municipal,31003085,RUA,O GARIMPEIRO,45,,Ademar Maldonado,BARREIRO,POINT (601879.929505064 7790205.43725902)
1981954,ESCOLA MUNICIPAL UNIAO COMUNITARIA,Municipal,31273252,RUA,PROFESSOR LUIZ BICALHO,505,,Brasil Industrial,BARREIRO,POINT (603091.986158129 7788168.48187538)
1983064,EMEI VEREADOR ANTÔNIO MENEZES,EMEIS,31206539,RUA,CARLOS TORREZANI,190,,Letícia,VENDA NOVA,POINT (606964.12744354 7809388.03269733)
1981873,ESCOLA MUNICIPAL DE ENSINO ESPECIAL DO BAIRRO VENDA NOVA,Municipal,31217816,RUA,CARLOS TORREZANI,190,,Letícia,VENDA NOVA,POINT (606957.365851218 7809389.40241852)
1983221,ASSOCIAÇÃO ARCO ENCANTADO,Creches Conveniadas,31375543,RUA,RADIALISTA MARIO MARCOS,49,,Céu Azul,VENDA NOVA,POINT (604534.063533865 7808230.83014428)
1982213,CENTRO INFANTIL LAR FELIZ,Creches Conveniadas,31004081,RUA,MADRE PAULINA,64,,Diamante,BARREIRO,POINT (601195.91198318 7789877.45401906)
1982988,CRECHE CASA DA CRIANCA,Creches Conveniadas,31308722,RUA,CARLOS ETIENE DE CASTRO,33,,Marçola,CENTRO-SUL,POINT (613934.323135235 7794986.10416813)
1983117,EMEI SERRA VERDE,EMEIS,31362190,RUA,JOSE MACHADO RIBEIRO,94,,Cenáculo,VENDA NOVA,POINT (608767.922374972 7809885.28148378)
1983052,EMEI LUCAS MONTEIRO MACHADO,EMEIS,31357383,RUA,SOLDADO WEVERSON DE ALMEIDA,350,,Vila Pinho,BARREIRO,POINT (601762.665353331 7788294.42623977)
1983402,ESTRELINHA BRILHANTE,Creches Conveniadas,31378003,RUA,ODILON MELO FRANCO,438,,Goiânia,NORDESTE,POINT (615262.090564344 7803442.55907131)
1983403,IES,Creches Conveniadas,31377880,RUA,RADIALISTA CAETANO SILVA,105,,Céu Azul,VENDA NOVA,POINT (604897.08343267 7807448.47533466)
1983091,EMEI MINASLÂNDIA,EMEIS,31357758,RUA,MARIA MADALENA ESTEVES,95,,Minaslândia,NORTE,POINT (611840.472384848 7804581.97095726)
1981811,ESCOLA MUNICIPAL ADAUTO LUCIO CARDOSO,Municipal,31003450,RUA,ERNESTO GAZZOLLI,164,,Céu Azul,VENDA NOVA,POINT (604936.449593628 7808572.98859719)
1981762,ESCOLA MUNICIPAL DESEMBARGADOR LORETO RIBEIRO DE ABREU,Municipal,31003573,RUA,MARCOS DONATO DE LIMA,520,,Ribeiro de Abreu,NORTE,POINT (615013.49800747 7808345.83483368)
1982080,INSTITUTO EDUCACIONAL PING-PONG,Creches Conveniadas,31324566,RUA,AUGUSTA ANDRADE LAGE,1197,,Jaqueline,NORTE,POINT (611776.509370644 7810502.70580884)
1982204,ESCOLA MUNICIPAL JULIA PARAISO,Municipal,31003026,RUA,TIES,100,,Alípio de Melo,PAMPULHA,POINT (604053.064048357 7799733.38787229)
1983073,EMEI JARDIM VITÓRIA II,EMEIS,31361909,RUA,LOURDES GONCALVES BARBOSA,785,,Jardim Vitória,NORDESTE,POINT (617616.645084954 7803677.97496303)
1981712,ESCOLA MUNICIPAL JARDIM VITORIA,Municipal,31362581,RUA,LOURDES GONCALVES BARBOSA,160,,Jardim Vitória,NORDESTE,POINT (618096.19040583 7803893.97099766)
1983106,EMEI CALIFÓRNIA,EMEIS,31357669,RUA,QUATRO MIL QUATROCENTOS E VINTE E NOVE,155,,Conjunto Califórnia I,NOROESTE,POINT (603728.021112054 7796923.32985146)
1981976,ESCOLA MUNICIPAL VILA FAZENDINHA,Municipal,31330868,RUA,PAULO DE SOUZA,51,,Fazendinha,CENTRO-SUL,POINT (614476.314234965 7795769.77465427)
1982261,ESCOLA MUNICIPAL MARIA DE REZENDE COSTA,Municipal,31003166,AVENIDA,ABILIO MACHADO,1009,,Glória,NOROESTE,POINT (604681.603529817 7798572.5641546)
1982060,CENTRO INFANTIL NOSSA SENHORA MENINA,Creches Conveniadas,31329339,RUA,GIL EANES,77,,Taquaril,LESTE,POINT (616977.188105645 7797020.32010937)
1981974,ESCOLA MUNICIPAL ACADEMICO VIVALDI MOREIRA,Municipal,31312614,RUA,AGENOR DE PAULA ESTRELA,393,,Jaqueline,NORTE,POINT (610991.323585093 7809637.76186568)
1983263,"INSTITUTO BETÂNIA PRIMEIROS PASSOS
",Creches Conveniadas,31377007,RUA,PADRE PEDRO PINTO,2435,,Candelária,VENDA NOVA,POINT (607882.279544104 7809420.03409542)
1983147,EMEI PARAÚNAS,EMEIS,31358053,RUA,PADRE PEDRO PINTO,5700,,Maria Helena,VENDA NOVA,POINT (605965.778337094 7809972.67369534)
1982537,CENTRO EDUCACIONAL ALICERCE PARA VIDA,Creches Conveniadas,31289922,RUA,PADRE PEDRO PINTO,1251,,Venda Nova,VENDA NOVA,POINT (608773.249190387 7808767.35903365)
1981908,ESCOLA MUNICIPAL DOM JAIME DE BARROS CAMARA,Municipal,31003310,RUA,FREDERICO BRACHER JUNIOR,123,,Carlos Prates,NOROESTE,POINT (608010.261217681 7797549.58237957)
1982105,ESCOLA MUNICIPAL CARLOS DRUMMOND DE ANDRADE,Municipal,31247294,RUA,JOSE GALDING,21,,Letícia,VENDA NOVA,POINT (607121.606577905 7809649.64944599)
1982068,CRECHE ASSISTENCIAL SÃO BERNARDO,Creches Conveniadas,31281387,RUA,ARMANDO RIBEIRO DOS SANTOS,105,,São Bernardo,NORTE,POINT (611052.078965866 7804826.59116553)
1983132,EMEI VILA CONCEIÇÃO,EMEIS,31357421,RUA,CORONEL ALVINO ALVIM DE MENEZES,111,,Nossa Senhora do Rosário,CENTRO-SUL,POINT (613513.61191341 7795564.79637701)
1981863,ESCOLA MUNICIPAL MONTEIRO LOBATO,Municipal,31002909,RUA,SANTA APOLONIA,120,,São Marcos,NORDESTE,POINT (614102.249754323 7802015.1034357)
1982069,CRECHE COMUNITÁRIA CRISTO OPERÁRIO,Creches Conveniadas,31283606,RUA,RISOLETA PINTO SARDINHA,41,,Planalto,NORTE,POINT (610163.976797657 7806242.28300556)
1983245,CRECHE CASINHA DA VOVO - FILIAL,Creches Conveniadas,31375560,RUA,DOUTOR FRANCISCO SILVEIRA,216,,Petrópolis,BARREIRO,POINT (601445.554919241 7786834.07349034)
1983387,CSACA MONTES CLAROS,Creches Conveniadas,31379760,RUA,QUINHENTOS E QUINZE,285,,Capitão Eduardo,NORDESTE,POINT (616107.278899717 7807017.63860057)
1981826,CRECHE SÃO JOSÉ,Creches Conveniadas,31356115,RUA,PORANGA,127,,Dom Bosco,NOROESTE,POINT (604711.313306816 7798078.90463756)
1981777,CRECHE MADRE GARCIA,Creches Conveniadas,31290335,RUA,PRINCIPAL,19,,Vila Barragem Santa Lúcia,CENTRO-SUL,POINT (610400.813937526 7793571.74205744)
1981796,MORADA NOVA - CASA DA CRIANÇA,Creches Conveniadas,31320765,RUA,PRINCIPAL,531,,Vila Barragem Santa Lúcia,CENTRO-SUL,POINT (610507.086378813 7793212.11525843)
1982516,CRECHE COMUNITÁRIA PEQUENO ALEXANDRE,Creches Conveniadas,31282260,RUA,ANTERO DE QUENTAL,49,,Santa Branca,PAMPULHA,POINT (608237.590899077 7806334.33426879)
1981924,ESCOLA MUNICIPAL MONSENHOR JOAO RODRIGUES DE OLIVEIRA,Municipal,31002691,RUA,ARAPARI,95,,São Geraldo,LESTE,POINT (615436.988078823 7799410.06368399)
1982064,MOVIMENTO DE PROMOÇÃO SOCIAL - MOPS,Creches Conveniadas,31289990,RUA,ARAPARI,470,,Mariano de Abreu,LESTE,POINT (615892.27412578 7799527.31981685)
1981845,CRUZADA DO BEM ELIZABETH SANTOS,Creches Conveniadas,31308625,RUA,BOGOTA,95,,Barão Homem de Melo III,OESTE,POINT (607569.240481356 7794540.65483805)
1983060,EMEI MARIA SALES FERREIRA,EMEIS,31205702,RUA,DAS CANOAS,150,,Betânia,OESTE,POINT (605347.051410346 7792660.79747756)
1982244,ESCOLA MUNICIPAL PROFESSOR CLAUDIO BRANDAO,Municipal,31003328,RUA,CANTAGALO,1147,,Aparecida,NOROESTE,POINT (609629.934691829 7800339.85442778)
1982056,INSTITUTO EDUCACIONAL ÁGAPE,Creches Conveniadas,31320552,RUA,CONDE D'EU,867,,Vera Cruz,LESTE,POINT (615526.315310081 7797747.82202846)
1981732,ESCOLA MUNICIPAL PROFESSOR MILTON LAGE,Municipal,31003735,RUA,ITAGIBA MIRANDA RABELO,70,,Vila Maria,NORDESTE,POINT (616760.16572962 7804546.20823666)
1982078,ESCOLA E CRECHE SANTO TOMAZ DE AQUINO,Creches Conveniadas,31281581,RUA,DEZ DE NOVEMBRO,176,,São Tomáz,NORTE,POINT (609759.856214556 7805327.52920104)
1981770,OBRAS PAVONIANAS,Creches Conveniadas,31320544,RUA,DIAS DE TOLEDO,99,,Coração de Jesus,CENTRO-SUL,POINT (609841.795169325 7793888.45759091)
1983171,EMEI CINQUENTENÁRIO,EMEIS,31361712,AVENIDA,DOM JOAO VI,691,,Cinqüentenário,OESTE,POINT (606495.013115698 7792496.0610092)
1983142,EMEI VILA SENHOR DOS PASSOS,EMEIS,31357723,RUA,EVARISTO DA VEIGA,239,,Senhor dos Passos,NOROESTE,POINT (610043.801862888 7798591.43031444)
1982040,ESCOLA MUNICIPAL AIRES DA MATA MACHADO,Municipal,31002836,AVENIDA,SENADOR LEVINDO COELHO,632,,Tirol,BARREIRO,POINT (600952.131842414 7788884.23618567)
1982196,CRECHE COMUNITÁRIA DO BAIRRO SANTA CECÍLIA JOÃO AUGUSTO BITARÃES FILHOS DE DEUS,Creches Conveniadas,31282413,AVENIDA,SENADOR LEVINDO COELHO,1167,,Santa Cecília,BARREIRO,POINT (600867.158416944 7788405.55362012)
1982201,CRECHE COMUNITÁRIA PINGO DE GENTE,Creches Conveniadas,31257648,AVENIDA,SENADOR LEVINDO COELHO,600,,Tirol,BARREIRO,POINT (600954.556120637 7788971.87834636)
1981894,CRECHE ESCOLA INFANTIL SÃO VICENTE DE PAULO,Creches Conveniadas,31257630,RUA,EURITA,461,,Santa Tereza,LESTE,POINT (613191.562218587 7797340.68490005)
1982087,CRECHE CENTRO INFANTIL VOVÓ GERALDA LUCAS,Creches Conveniadas,31282456,RUA,PACO DA LIBERDADE,120,,Conjunto Paulo VI,NORDESTE,POINT (616419.678326951 7806750.31959618)
1981775,CRECHE DONA QUITA TOLENTINO,Creches Conveniadas,31257575,RUA,BELA VISTA,54,,Santana do Cafezal,CENTRO-SUL,POINT (613931.733940126 7795189.44277914)
1981797,ASSOCIAÇÃO DA ESCOLINHA INFANTIL PEDACINHO DO CÉU,Creches Conveniadas,31330787,RUA,BELA VISTA,31,,Santana do Cafezal,CENTRO-SUL,POINT (613919.752728364 7795169.65680652)
1983078,EMEI ZILAH SPÓSITO,EMEIS,31357839,RUA,COQUILHO,75,,Jaqueline,NORTE,POINT (612243.496270658 7809785.55178347)
1981967,ESCOLA MUNICIPAL PROFESSOR DANIEL ALVARENGA,Municipal,31294632,RUA,COQUILHO,155,,Jaqueline,NORTE,POINT (612181.21540869 7809914.71549257)
1983099,EMEI LUXEMBURGO,EMEIS,31357430,RUA,ACESSO BLOCO UM,200,,São Bento,CENTRO-SUL,POINT (608951.12854354 7793482.35025288)
1981794,CRECHE RECANTO DO MENOR,Creches Conveniadas,31290220,BECO,COQUEIROS,35,,Monte São José,CENTRO-SUL,POINT (609656.725439946 7794502.43261807)
1983404,INSTITUTO  EDUCACIONAL INFANTIL GERAÇÃO DE SAMUEL,Creches Conveniadas,31373176,RUA,GASTAO DA COSTA PINHEIRO,107,,Jardim Guanabara,NORTE,POINT (611274.51052362 7807152.19795276)
1982071,CRECHE ETELVINA CAETANO DE JESUS,Creches Conveniadas,31290025,RUA,OSCAR LOBO PEREIRA,115,,Primeiro de Maio,NORTE,POINT (612286.704494769 7803357.77013979)
1983169,EMEI PIRATININGA,EMEIS,31365408,RUA,ALTINOPOLIS,585,,Piratininga,VENDA NOVA,POINT (605779.917006663 7809475.65486209)
1983243,CRECHE MARIA EURIPEDES DA SILVA,Creches Conveniadas,31372781,RUA,MARIA ROSA DA SILVA,1074,,Mantiqueira,VENDA NOVA,POINT (606696.665237956 7811902.83081746)
1983406,INSTITUTO EDUCACIONAL PADRINHO E MADRINHA,Creches Conveniadas,31378046,RUA,MARIA ROSA DA SILVA,1116,,Mantiqueira,VENDA NOVA,POINT (606803.523093765 7811927.54581247)
1982055,CRECHE NOSSA SENHORA DO PERPÉTUO SOCORRO,Creches Conveniadas,31282502,RUA,FRANCISCO SERRAO,45,,Taquaril,LESTE,POINT (616900.914045908 7797343.0644157)
1983121,EMEI MÍRIAM BRANDÃO,EMEIS,31231959,RUA,JOAO BATISTA FERNANDES,75,,Serra Verde,VENDA NOVA,POINT (609270.275701171 7810427.941027)
1983183,EMEI BAIRRO DAS INDÚSTRIAS,EMEIS,31361780,RUA,IRMA MARIA PAULA,254,,Bairro das Indústrias I,BARREIRO,POINT (604571.331854047 7791987.22458137)
1982038,ESCOLA MUNICIPAL VINICIUS DE MORAES,Municipal,31217841,RUA,SEBASTIAO MOREIRA,409,,Tirol,BARREIRO,POINT (600523.009859408 7789336.59410952)
1983185,EMEI CARDOSO,EMEIS,31357332,RUA,SOLIDARIEDADE,477,,Flávio de Oliveira,BARREIRO,POINT (604318.976035213 7788070.92173347)
1982190,CRECHE ABRIGO CORAÇÃO DE JESUS,Creches Conveniadas,31281522,RUA,CYRILLO BASTOS,15,,Lindéia,BARREIRO,POINT (599247.575647084 7790299.31814984)
1982513,INSTITUTO EDUCACIONAL ESCUDO DA VERDADE,Creches Conveniadas,31369012,RUA,EDITH MELLO SILVA,176,,Vila Vista Alegre,OESTE,POINT (605389.57522938 7793425.07191172)
1981964,ESCOLA MUNICIPAL JOSE DE CALASANZ,Municipal,31305499,RUA,SEBASTIAO SANTANA FILHO,111,,Ipê,NORDESTE,POINT (614638.122437585 7802277.42004192)
1981871,ESCOLA MUNICIPAL DORA TOMICH LAENDER,Municipal,31003590,RUA,JULITA NUNES LIMA,53,,Conjunto Minascaixa,VENDA NOVA,POINT (608992.629877882 7809630.6833065)
1983170,EMEI NOVA IORQUE,EMEIS,31361860,RUA,EDIVALDO JARDIM,400,,Jardim dos Comerciários,VENDA NOVA,POINT (608523.375370687 7811010.14252157)
1982061,CENTRO INFANTIL PUPILEIRA ERNANI AGRÍCOLA,Creches Conveniadas,31289884,RUA,SAO JOAQUIM,1177,,Sagrada Família,LESTE,POINT (613502.100714773 7799353.75514543)
1982989,CRECHE LAR FREI TONINHO,Creches Conveniadas,31308935,RUA,NICIAS CONTINENTINO,812,C,Nova Gameleira,OESTE,POINT (601421.823379357 7786469.29773939)
1982044,ESCOLA MUNICIPAL FRANCISCA DE PAULA,Municipal,31002704,RUA,JULIO DE CASTILHO,330,,Cinqüentenário,OESTE,POINT (606395.14769543 7792873.58416545)
1982192,CRECHE COMUNITÁRIA BOM MENINO,Creches Conveniadas,31257966,RUA,COLETORA DOIS,106,,Castanheira,BARREIRO,POINT (601168.2719131 7788832.30675575)
1983382,CRECHE BEM VIVER,Creches Conveniadas,31377210,RUA,ITAPETINGA,2198,,Santa Cruz,NORDESTE,POINT (610189.827431193 7801324.664)
1981841,CRECHE ESPERANÇA,Creches Conveniadas,31308765,RUA,NOVA PONTE,11,,Salgado Filho,OESTE,POINT (606173.804496993 7794326.33846153)
1982152,CRECHE ABRIGO INFANTIL VOVÓ DUDU,Creches Conveniadas,31290343,RUA,PERDOES,339,,Padre Eustáquio,NOROESTE,POINT (607799.208832926 7797685.62468855)
1983083,EMEI VILA ESTRELA,EMEIS,31362131,RUA,PRIMAVERA,60,,Santo Antônio,CENTRO-SUL,POINT (610583.30271764 7794570.41877968)
1983102,EMEI SABINÓPOLIS,EMEIS,31357707,RUA,SABINOPOLIS,120,,Carlos Prates,NOROESTE,POINT (608822.023359398 7798046.73118637)
1981780,CRECHE VICENTINA DO SANTÍSSIMO SACRAMENTO,Creches Conveniadas,31281395,RUA,SALUTARES,200,,São Lucas,CENTRO-SUL,POINT (613242.274161007 7795592.34077043)
1981742,ESCOLA MUNICIPAL SENADOR LEVINDO COELHO,Municipal,31003417,RUA,CARACA,850,,Mangabeiras,CENTRO-SUL,POINT (613552.961082391 7794370.27951745)
1981774,CRECHE COMUNITÁRIA TERRA NOVA,Creches Conveniadas,31290327,RUA,DOS CARVALHOS,124,,Acaba Mundo,CENTRO-SUL,POINT (612012.043667114 7792403.10992912)
1981772,CRECHE CENTRO INFANTIL SAGRADO CORAÇÃO DE JESUS,Creches Conveniadas,31290556,RUA,CORONEL FULGENCIO,205,,São Lucas,CENTRO-SUL,POINT (613215.145333273 7796108.78564957)
1982043,ESCOLA MUNICIPAL PADRE HENRIQUE BRANDAO,Municipal,31002895,RUA,CRISPIM JAQUES,987,,Vista Alegre,OESTE,POINT (604589.45621981 7793047.19882669)
1983188,EMEI SARANDI,EMEIS,31362174,RUA,DEPUTADO AUGUSTO GONCALVES,150,,Serrano,PAMPULHA,POINT (603249.259146386 7802059.3944204)
1982199,CRECHE COMUNITÁRIA MARIA CHIQUINHA,Creches Conveniadas,31289914,RUA,DOUTOR RIBEIRO PENA,380,,Bairro das Indústrias I,BARREIRO,POINT (603464.756041216 7792707.22802676)
1983119,EMEI SOLIMÕES,EMEIS,31361879,RUA,WALDEMAR CANDIDO RODRIGUES,244,,Jardim Felicidade,NORTE,POINT (612110.499048008 7807677.60085077)
1982062,CENTRO INFANTIL BERENICE CATÃO DE MAGALHÃES PINTO,Creches Conveniadas,31299707,RUA,SAO ROQUE,1150,,Sagrada Família,LESTE,POINT (613135.746098548 7799333.86919316)
1982176,ESCOLA MUNICIPAL VICENTE GUIMARAES,Municipal,31003816,RUA,IZAURA PEREIRA ALMEIDA,110,,Letícia,VENDA NOVA,POINT (606872.697521986 7809292.70210159)
1983123,EMEI JARDIM VITÓRIA III,EMEIS,31361917,RUA,BERENICE RIBEIRO DE MIRANDA,240,,Jardim Vitória,NORDESTE,POINT (617245.507879036 7805781.84672603)
1982154,CRECHE COMUNITÁRIA LAR INFANTIL DORCAS,Creches Conveniadas,31282481,RUA,MARCAZITA,350,,Aparecida,NOROESTE,POINT (609961.219732264 7799433.54890364)
1981818,ESCOLA MUNICIPAL SANTOS DUMONT,Municipal,31003387,AVENIDA,MEM DE SA,600,,Santa Efigênia,LESTE,POINT (613904.365982908 7796739.15733924)
1981746,ESCOLA MUNICIPAL ANTONIO ALEIXO,Municipal,31003301,AVENIDA,OLINTO MEIRELES,250,,Barreiro,BARREIRO,POINT (603178.847881942 7791147.48550783)
1982211,CRECHE TIA CANDINHA,Creches Conveniadas,31006645,RUA,JOAO BATISTA DE ASSIS,209,,Tirol,BARREIRO,POINT (600905.509838765 7789302.74100023)
1981740,ESCOLA MUNICIPAL HUGO WERNECK,Municipal,31002887,RUA,OSCAR TROMPOWSKY,1372,,Grajaú,OESTE,POINT (608495.520908655 7794520.6489102)
1982142,ESCOLA MUNICIPAL JOAO PINHEIRO,Municipal,31002984,RUA,PADRE MANOEL BERNARDES,303,,Oeste,NOROESTE,POINT (604657.014422126 7795561.20710759)
1983135,EMEI JARDIM LEBLON,EMEIS,31358037,RUA,PEDRINOPOLIS,395,,Jardim Leblon,VENDA NOVA,POINT (605879.823656153 7807043.24997105)
1981788,ESCOLA MUNICIPAL PROFESSOR MARIO WERNECK,Municipal,31003182,RUA,ABATI,38,,Santa Maria,OESTE,POINT (603247.717173502 7795267.72684465)
1982128,ESCOLA MUNICIPAL FRANCISCO BRESSANE DE AZEVEDO,Municipal,31002747,RUA,AIURUOCA,501,,Sao Paulo,NORDESTE,POINT (612593.342706603 7802967.35960672)
1981854,CRECHE VÓ ANGELINA,Creches Conveniadas,31308790,RUA,ALVES PINTO,66,,Grajaú,OESTE,POINT (608292.137159095 7795092.13258635)
1981950,CRECHE FRANCISCO DE ASSIS,Creches Conveniadas,31281875,RUA,ANTONIO OLINTO,825,,Esplanada,LESTE,POINT (614189.383590998 7798294.92066812)
1983094,EMEI SANTA BRANCA,EMEIS,31362107,RUA,CAMPISTA,70,,Santa Mônica,PAMPULHA,POINT (608064.947657052 7806835.1023389)
1981738,ESCOLA MUNICIPAL MESTRE PARANHOS,Municipal,31003221,RUA,ALCIDA TORRES,25,,Conjunto Santa Maria,CENTRO-SUL,POINT (608865.239829353 7793531.7401997)
1982076,INSTITUTO ZILAH SPÓSITO PARA O DESENVOLVIMENTO HUMANO E SOCIAL,Creches Conveniadas,31281565,RUA,CARNAUBA,928,,Zilah Spósito,NORTE,POINT (612821.142401123 7810177.92191766)
1981814,ESCOLA MUNICIPAL JOSE MARIA ALKMIM,Municipal,31003565,RUA,BENIGNO FAGUNDES DA SILVA,33,,Serra Verde,VENDA NOVA,POINT (609529.673471034 7810521.76193003)
1983101,EMEI TAQUARIL,EMEIS,31357537,RUA,DESEMBARGADOR BRAULIO,3550,,Cidade Jardim Taquaril,LESTE,POINT (617065.360918702 7796762.35261791)
1981934,ESCOLA MUNICIPAL ISRAEL PINHEIRO,Municipal,31002925,RUA,DESEMBARGADOR BRAULIO,1147,,Alto Vera Cruz,LESTE,POINT (616220.28556603 7797942.66236928)
1982050,CRECHE RECANTO COMUNITÁRIO CRIANÇA FELIZ,Creches Conveniadas,31289558,RUA,DESEMBARGADOR BRAULIO,2288,,Taquaril,LESTE,POINT (616480.903720848 7797102.43339545)
1981765,CENTRO DE EDUCAÇÃO INFANTIL MARIA FLORIPES,Creches Conveniadas,31348023,RUA,IVALDIR ALVES PEDROSA,313,,Lindéia,BARREIRO,POINT (599812.86125695 7790433.96074373)
1981793,ASSOCIAÇÃO BENEFICENTE CANTINHO DO BEBÊ,Creches Conveniadas,31314757,RUA,SACRAMENTO,49,,Nossa Senhora da Conceição,CENTRO-SUL,POINT (613535.809726255 7795015.4881871)
1982217,ESCOLA MUNICIPAL MARIA SILVEIRA,Municipal,31003603,RUA,LIBANIA PENA,201,,São Bernardo,NORTE,POINT (610527.107288763 7805003.14522846)
1983407,INSTITUTO ESPÍRITA EURÍPEDES - UNIDADE II,Creches Conveniadas,31378399,RUA,MOEDA,26,,Santa Inês,LESTE,POINT (613852.046098219 7800294.26370356)
1983262,"CRECHE PADRE EUSTÁQUIO - UNIDADE II
",Creches Conveniadas,31376973,RUA,TERESINA,505,,Bom Jesus,NOROESTE,POINT (609409.995561709 7799583.95529629)
1981779,CRECHE SÃO JOSÉ,Creches Conveniadas,31290211,RUA,TENENTE RENATO CESAR,53,,Cidade Jardim,CENTRO-SUL,POINT (610110.362318045 7795110.07893343)
1983361,CRECHE DA ACAO SOCIAL DA PAROQUIA BOM PASTOR,Creches Conveniadas,31282286,PRACA,DA COMUNIDADE,50,,Dom Cabral,NOROESTE,POINT (604802.720399974 7796723.23279998)
1983131,EMEI AARÃO REIS,EMEIS,31357820,RUA,TRES,25,,São Gonçalo,NORTE,POINT (612907.954649871 7805044.90672803)
1981866,ESCOLA MUNICIPAL JARDIM FELICIDADE,Municipal,31212792,RUA,QUARENTA E SETE A,250,,Jardim Felicidade,NORTE,POINT (611982.012302188 7807630.27048473)
1982104,CCEE - CENTRO CRISTÃO EVANGÉLICO EDUCACIONAL,Creches Conveniadas,31308919,RUA,ALIPIO DE MELO,774,,Jardim Montanhês,NOROESTE,POINT (606204.248154134 7798785.68077532)
1983224,INSTITUTO PEDAGÓGICO SONHO DA VOVÓ II,Creches Conveniadas,31373036,RUA,CAMBUI,328,,Guarani,NORTE,POINT (612161.349768054 7805449.18777069)
1981802,INSTITUTO EDUCACIONAL SÃO JOÃO BATISTA,Creches Conveniadas,31244104,RUA,BONINAS,847,,Esplanada,LESTE,POINT (614931.352906594 7798414.166396)
1982157,CRECHE VOVÓ GUIOMAR,Creches Conveniadas,31281441,RUA,BONFIM,360,,Bonfim,NOROESTE,POINT (610347.817896236 7797938.47322197)
1982127,ESCOLA MUNICIPAL PREFEITO OSWALDO PIERUCCETTI,Municipal,31219398,RUA,CAITITE,309,,Conjunto Jardim Filadélfia,NOROESTE,POINT (603724.434169785 7798172.00568711)
1982519,CRECHE PATATI PATATÁ,Creches Conveniadas,31282014,RUA,CAJUI,100,,Suzana,PAMPULHA,POINT (611766.754536842 7803120.08851919)
1982174,ESCOLA MUNICIPAL CORA CORALINA,Municipal,31003557,RUA,LISBOA,54,,Copacabana,VENDA NOVA,POINT (605732.800252356 7806386.71360713)
1983062,EMEI HENFIL,EMEIS,31273732,RUA,BOAVENTURA,844,,Indaiá,PAMPULHA,POINT (609501.48917523 7803190.09426973)
1981795,NOSSO ABRIGO LACTÁRIO CLÁUDIA MARIA ROCHA BRANT,Creches Conveniadas,31309117,RUA,ARTUR JOVIANO,26,,Cruzeiro,CENTRO-SUL,POINT (612528.637566412 7794140.76623422)
1981754,ESCOLA MUNICIPAL JONAS BARCELLOS CORREA,Municipal,31003000,RUA,PROFESSORA DIRCE MARIA,240,,Petrópolis,BARREIRO,POINT (601474.877141557 7786509.05964597)
1982541,CICEC - CENTRO INFANTIL COMUNITÁRIO DE EDUCAÇÃO CRIARTE,Creches Conveniadas,31308781,RUA,CLELIA,231,,Rio Branco,VENDA NOVA,POINT (606818.514079118 7807882.86906902)
1981763,INSTITUTO EDUCACIONAL CAMINHAR,Creches Conveniadas,31362859,RUA,CARLOS PINTO COELHO,33,,Vale do Jatobá,BARREIRO,POINT (600924.219659472 7787557.97614205)
1983173,EMEI CURUMINS,EMEIS,31357812,RUA,CECILIA TRINDADE SILVA,95,,Jardim Felicidade,NORTE,POINT (612265.603379215 7806939.94099929)
1981865,ESCOLA MUNICIPAL RUI DA COSTA VAL,Municipal,31233366,RUA,CECILIA TRINDADE SILVA,221,,Jardim Felicidade,NORTE,POINT (612248.237631128 7807009.74679053)
1982121,ESCOLA MUNICIPAL JOAQUIM DOS SANTOS,Municipal,31003506,RUA,ANTONIO JOSE DOS SANTOS,300,,Céu Azul,VENDA NOVA,POINT (605153.884261869 7807529.94090652)
1982102,ABRIGO JESUS,Creches Conveniadas,31282031,RUA,COSTA SENNA,921,,Padre Eustáquio,NOROESTE,POINT (606884.728208814 7797564.12941856)
1981975,ESCOLA MUNICIPAL DOUTOR JOSE XAVIER NOGUEIRA,Municipal,31330850,RUA,NAVARRA,100,,Europa,VENDA NOVA,POINT (608639.303695644 7810017.18463527)
1981707,ESCOLA MUNICIPAL SERGIO MIRANDA,Municipal,31353752,RUA,MINISTRO OSVALDO ARANHA,345,,Granja Werneck,NORTE,POINT (613748.395838049 7806850.61918049)
1983342,EMEI LAJEDO,EMEIS,31361950,RUA,PINTOR RUGENDAS,7,,Lajedo,NORTE,POINT (613829.754521026 7806518.15177723)
1983066,EMEI SÃO JOÃO,EMEIS,31357472,RUA,SAO JOAO,355,,Nossa Senhora de Fátima,CENTRO-SUL,POINT (614687.267669589 7795221.64622423)
1981844,CRECHE SONHO REALIZADO,Creches Conveniadas,31281417,RUA,SANTO INACIO,185,,Cabana do Pai Tomás,OESTE,POINT (604919.009632942 7793637.96857722)
1982536,UNIVERSO INFANTIL,Creches Conveniadas,31289841,RUA,VIVEIROS DE CASTRO,161,,Copacabana,VENDA NOVA,POINT (605438.959590869 7806756.44834869)
1981868,ESCOLA MUNICIPAL FRANCISCO MAGALHAES GOMES,Municipal,31217891,RUA,DOS MAMOEIROS,98,,Vila Clóris,NORTE,POINT (609987.886792717 7807950.97520621)
1982510,CRECHE COMUNITÁRIA NOSSA SENHORA DO CARMO,Creches Conveniadas,31282227,RUA,CORONEL CAMISAO,167,,Oeste,OESTE,POINT (604380.201429111 7795104.16013818)
1982247,ESCOLA MUNICIPAL PROFESSORA MARIA MODESTA CRAVO,Municipal,31003280,RUA,DOUTOR JULIO OTAVIANO FERREIRA,1085,,Cidade Nova,NORDESTE,POINT (612971.736255501 7800310.41042103)
1981965,ESCOLA MUNICIPAL PROFESSOR PAULO FREIRE,Municipal,31305481,RUA,PAULO CAMPOS MENDES,311,,Capitão Eduardo,NORDESTE,POINT (615706.734383277 7807061.95616346)
1981952,ESCOLA MUNICIPAL ARMANDO ZILLER,Municipal,31232009,RUA,GERALDO ILIDIO TEIXEIRA,283,,Mantiqueira,VENDA NOVA,POINT (606470.935250354 7811954.9802026)
1983114,EMEI OURO PRETO,EMEIS,31362069,RUA,GERALDINA CANDIDA DE JESUS,90,,Ouro Preto,PAMPULHA,POINT (605945.171972199 7801842.05865847)
1981771,CENTRO EDUCACIONAL PROFESSOR ESTEVÃO PINTO - CEPEP,Creches Conveniadas,31290254,RUA,DONA CECILIA,340,,Serra,CENTRO-SUL,POINT (612866.692445014 7794965.67832575)
1983161,EMEI SANTA ISABEL,EMEIS,31357499,RUA,DOUTOR ARGEMIRO RESENDE COSTA,380,,Vila Novo São Lucas,CENTRO-SUL,POINT (613998.121232553 7795614.30629941)
1983103,EMEI TIROL,EMEIS,31361941,PRACA,MARIETA PULQUERIA DE JESUS,20,,Tirol,BARREIRO,POINT (600933.323071575 7788837.97560188)
1982178,ESCOLA MUNICIPAL DEPUTADO RENATO AZEREDO,Municipal,31003760,RUA,AGUA,240,,Maria Helena,VENDA NOVA,POINT (605554.673523874 7810706.21438526)
1981710,ESCOLA MUNICIPAL PRESIDENTE ITAMAR FRANCO,Municipal,31353760,AVENIDA,PERIMETRAL,2911,,Petrópolis,BARREIRO,POINT (601817.764084917 7786860.27815646)
1981767,CENTRO DE EDUCAÇÃO INFANTIL SANTA CLARA - CESCLAR,Creches Conveniadas,31281484,AVENIDA,PERIMETRAL,1301,,Vila Pinho,BARREIRO,POINT (602097.438385903 7787731.390844)
1983150,EMEI RIBEIRO DE ABREU,EMEIS,31357642,RUA,DIANOPOLIS,170,,Ribeiro de Abreu,NORDESTE,POINT (615068.233921907 7806121.20765009)
1983053,EMEI ÁGUAS CLARAS,EMEIS,31357367,RUA,CLEMENTE BORGES DOS SANTOS,150,,Águas Claras,BARREIRO,POINT (602221.719751132 7786966.74648514)
1981736,ESCOLA MUNICIPAL SANTO ANTONIO,Municipal,31217808,RUA,CARANGOLA,288,,Santo Antônio,CENTRO-SUL,POINT (610681.485985672 7794660.88036649)
1981877,ESCOLA MUNICIPAL PAULO MENDES CAMPOS,Municipal,31223689,RUA,CARANGOLA,288,,Santo Antônio,CENTRO-SUL,POINT (610681.485985672 7794660.88036649)
1982046,ESCOLA MUNICIPAL CAIO LIBANO SOARES,Municipal,31223697,RUA,CARANGOLA,288,,Santo Antônio,CENTRO-SUL,POINT (610681.485985672 7794660.88036649)
1982960,INSTITUTO EDUCACIONAL TREM DA ALEGRIA,Creches Conveniadas,31356034,AVENIDA,ALTAMIRO AVELINO SOARES,1166,,Castelo,PAMPULHA,POINT (604280.393729752 7801596.34867202)
1982219,ESCOLA MUNICIPAL CONSUL ANTONIO CADAR,Municipal,31003531,RUA,PARNAIBA,21,,Minaslândia,NORTE,POINT (612341.407425828 7804677.41153061)
1982193,CRECHE COMUNITÁRIA DA VILA CEMIG,Creches Conveniadas,31281328,RUA,COLETIVO,56,,Vila CEMIG,BARREIRO,POINT (605383.992792792 7788481.35819032)
1981869,ESCOLA MUNICIPAL PROFESSOR TABAJARA PEDROSO,Municipal,31206521,RUA,GERALDO ANUNCIACAO,45,,Rio Branco,VENDA NOVA,POINT (606978.153624688 7809001.86130139)
1981838,CRECHE FREI EUZÉBIO,Creches Conveniadas,31308854,RUA,INDUSTRIAL JOSE COSTA,745,,Nova Granada,OESTE,POINT (608006.377425018 7794370.49947268)
1982194,CRECHE COMUNITÁRIA DA VILA PIRATININGA,Creches Conveniadas,31284432,RUA,VINHEDO,636,,Itaipu,BARREIRO,POINT (599229.698656651 7789463.53827041)
1982507,CENTRO INFANTIL GUIOMAR SCHMIDT SANCHES,Creches Conveniadas,31299731,RUA,GASTAO BRAULIO DOS SANTOS,801,,Nova Gameleira,OESTE,POINT (604958.086689061 7794940.92336455)
1982101,INSTITUTO EDUCACIONAL COMUNITÁRIO RECOMEÇAR,Creches Conveniadas,31356441,RUA,OTAVIO BERNARDES,83,,Jardim Vitória,NORDESTE,POINT (617512.277433699 7804430.17185553)
1983069,EMEI DIAMANTE,EMEIS,31361798,RUA,AZARIAS DUARTE,180,,Diamante,BARREIRO,POINT (602584.512162622 7788570.55003557)
1981815,ESCOLA MUNICIPAL PROFESSOR PEDRO GUERRA,Municipal,31003751,RUA,JOAO FERREIRA DA SILVA,230,,Mantiqueira,VENDA NOVA,POINT (605990.548853359 7810119.8737332)
1981819,ESCOLA MUNICIPAL MARIA DAS NEVES,Municipal,31003140,RUA,PIRANGA,39,,São Lucas,CENTRO-SUL,POINT (613040.918889144 7796120.60324413)
1981791,CRECHE DAS ROSINHAS,Creches Conveniadas,31290301,RUA,POUSO ALTO,215,,São Lucas,CENTRO-SUL,POINT (612810.595966269 7795625.58400386)
1983163,EMEI MARIQUINHAS,EMEIS,31357847,RUA,ACALIFA,209,,Mariquinhas,NORTE,POINT (611043.189945715 7808953.07123247)
1983167,EMEI UNIVERSITÁRIO,EMEIS,31362123,RUA,ARISTOTELES RIBEIRO VASCONCELOS,40,,Santa Rosa,PAMPULHA,POINT (610744.772840644 7803064.45984225)
1983261,"CRECHE DOM BOSCO - Unidade II
",Creches Conveniadas,31377023,AVENIDA,AMERICO VESPUCIO,1580,,Nova Esperança,NOROESTE,POINT (608710.779361103 7799502.18657854)
1983104,EMEI NOVA ESPERANÇA,EMEIS,31357677,AVENIDA,AMERICO VESPUCIO,1998,,Caiçaras,NOROESTE,POINT (608646.865134863 7799285.18910185)
1981901,ESCOLA MUNICIPAL ARTHUR GUIMARAES,Municipal,31003034,AVENIDA,AMERICO VESPUCIO,1610,,Nova Esperança,NOROESTE,POINT (608695.119815683 7799457.25407853)
1983384,CRECHE DONA QUITA TOLENTINO - UNIDADE II,Creches Conveniadas,31378054,AVENIDA,AMERICO VESPUCIO,1580,,Nova Esperança,NOROESTE,POINT (608710.575392355 7799501.90921529)
1981963,ESCOLA MUNICIPAL HERBERT JOSE DE SOUZA,Municipal,31312622,AVENIDA,DETETIVE EDUARDO FERNANDES,320,,Novo Aarão Reis,NORTE,POINT (614376.663206648 7805779.98710455)
1983166,EMEI CALIFÓRNIA II,EMEIS,31366080,RUA,CHRISTINA MARIA ASSIS,550,,Califórnia,NOROESTE,POINT (603012.339548074 7796244.64799518)
1982153,CRECHE COMUNITÁRIA EUNICE LANZA,Creches Conveniadas,31289957,BECO,PRINCIPAL,183,,Vila Coqueiral,NOROESTE,POINT (602071.513451437 7797556.29101405)
1981766,CRECHE COMUNITÁRIA CRIANÇA FELIZ,Creches Conveniadas,31308471,RUA,QUATORZE,40,,Bernadete,BARREIRO,POINT (606209.418298507 7789811.2774891)
1982530,INSTITUTO DE EDUCAÇÃO CRIANÇA FELIZ,Creches Conveniadas,31356867,RUA,FLOR DO NORTE,255,,Jardim Alvorada,PAMPULHA,POINT (605637.362850474 7799618.04135074)
1981829,ESCOLA MUNICIPAL IMACO,Municipal,31003441,RUA,GONCALVES DIAS,1180,,Boa Viagem,CENTRO-SUL,POINT (611365.017002742 7795765.12560057)
1982081,INSTITUTO CRISTÃO CALVÁRIO - ICC,Creches Conveniadas,31351768,RUA,DOS SALESIANOS,538,,São Bernardo,NORTE,POINT (610275.402891629 7805521.16978606)
1983160,EMEI VILA ANTENA,EMEIS,31357910,RUA,FLOR DO ORIENTE,137,,Vila Antena Montanhês,PAMPULHA,POINT (606211.793101665 7799658.7230701)
1982092,CRECHE SANTA LUZIA,Creches Conveniadas,31282421,RUA,OZANAM,308,,Ipiranga,NORDESTE,POINT (611687.973740438 7801171.97505204)
1982093,CRECHE ODETE VALADARES,Creches Conveniadas,31282375,RUA,OZANAM,732,,Ipiranga,NORDESTE,POINT (611915.921860156 7800872.69596943)
1983381,BALÃO AMARELO,Creches Conveniadas,31376167,RUA,BEATRIZ,227,,Rio Branco,VENDA NOVA,POINT (606161.389385681 7808919.11797621)
1982070,OBRAS EDUCATIVAS JARDIM FELICIDADE,Creches Conveniadas,31289906,RUA,PROFESSORA GABRIELA VARELA,580,,Jardim Felicidade,NORTE,POINT (611884.447472478 7806857.80771729)
1983405,INSTITUTO CRESCER ESTRELA DA MANHÃ,Creches Conveniadas,31377988,RUA,SERRA DO CIPO,90,,Ribeiro de Abreu,NORDESTE,POINT (615259.873878177 7807477.52754365)
1983385,CRECHE FRE,Creches Conveniadas,31371793,RUA,DAS GUITARRAS,72,,Conjunto Califórnia I,NOROESTE,POINT (603841.163097452 7796895.93640764)
1983343,ESCOLA MUNICIPAL MURILO RUBIAO,Municipal,31217883,RUA,UM,10,,Acaiaca,NORDESTE,POINT (615563.610775168 7805008.74681248)
1981960,ESCOLA MUNICIPAL AURELIO PIRES,Municipal,31003115,RUA,BARRINHA,171,,Indaiá,PAMPULHA,POINT (609692.471174969 7803101.07238987)
1983085,EMEI SOLAR URUCUIA,EMEIS,31357324,RUA,NELSON DE PAULA PIRES,411,,Pongelupe,BARREIRO,POINT (603620.800398673 7787109.34745912)
1983133,EMEI ALAÍDE LISBOA,EMEIS,31357979,AVENIDA,PRESIDENTE ANTONIO CARLOS,6627,,Campus UFMG,PAMPULHA,POINT (609242.981956552 7802765.07078202)
1982518,CRECHE SEMENTES DO AMANHÃ,Creches Conveniadas,31281981,AVENIDA,PRESIDENTE ANTONIO CARLOS,3800,,São Francisco,PAMPULHA,POINT (609650.071043599 7801860.78484681)
1983136,EMEI GAMELEIRA,EMEIS,31357898,AVENIDA,AMAZONAS,5855,,Gameleira,OESTE,POINT (606154.632909005 7795755.38758272)
1982523,ASSOCIAÇÃO ASSISTENCIAL SÃO TIAGO,Creches Conveniadas,31303755,RUA,URUCANIA,115,,Jardim São José,PAMPULHA,POINT (605428.800710696 7798783.39124135)
1981752,ESCOLA MUNICIPAL PEDRO ALEIXO,Municipal,31002933,AVENIDA,MENELICK DE CARVALHO,255,,Araguaia,BARREIRO,POINT (604398.177369676 7788874.84809659)
1982052,CENTRO INFANTIL TRANSFORMAR,Creches Conveniadas,31303704,AVENIDA,SILVIANO BRANDAO,2513,,Horto,LESTE,POINT (613630.422543707 7798264.51685673)
1982171,ESCOLA MUNICIPAL ANA ALVES TEIXEIRA,Municipal,31002917,RUA,BARAO DO MONTE ALTO,300,,Cardoso,BARREIRO,POINT (603910.031633199 7788311.13283919)
1983127,EMEI PITUCHINHA,EMEIS,31357731,RUA,MARQUES DE LAVRADIO,619,,João Pinheiro,NOROESTE,POINT (604368.360396702 7796069.52364124)
1982534,CRECHE BENEDITA HILÍDIA DA SILVA RESENDE,Creches Conveniadas,31290122,RUA,IZALINA FAUSTINA SILVEIRA,115,,Mantiqueira,VENDA NOVA,POINT (606295.249291784 7810601.68566178)
1983441,INSTITUTO ONCINHA PINTADA,Creches Conveniadas,31380520,RUA,RAIMUNDA LOPES BARROSO,15,,Floramar,NORTE,POINT (611294.87099568 7806535.25490437)
1982985,CRECHE COMUNITARIA CRESCER  COM AMOR,Creches Conveniadas,31308811,BECO,DA PEDREIRA,35,,Cabana do Pai Tomás,OESTE,POINT (605083.176147031 7793461.06458552)
1982200,CRECHE COMUNITÁRIA MARIA FLORIPES,Creches Conveniadas,31281301,AVENIDA,FLOR DE SEDA,1188,,Lindéia,BARREIRO,POINT (599742.177879645 7790370.03375588)
1982159,ABRIGO DE PAZ,Creches Conveniadas,31229750,RUA,ARTICA,200,,Caiçara-Adelaide,NOROESTE,POINT (607269.751416526 7798756.81665053)
1981884,ESCOLA MUNICIPAL PROFESSORA ELEONORA PIERUCCETTI,Municipal,31003247,AVENIDA,BERNARDO DE VASCONCELOS,288,,Cachoeirinha,NORDESTE,POINT (610116.761093218 7800857.06915023)
1983165,EMEI MARFIM,EMEIS,31362050,RUA,ASSUMAR,375,,Pindorama,NOROESTE,POINT (602206.176334634 7798514.40599252)
1981785,ESCOLA MUNICIPAL PADRE MARZANO MATIAS,Municipal,31294641,RUA,ERICO VERISSIMO,1280,,Rio Branco,VENDA NOVA,POINT (607384.418127306 7808644.74399159)
1982212,INSTITUTO ESPIRITA EURIPEDES,Creches Conveniadas,31281972,RUA,TABOAO DA SERRA,235,,Itaipu,BARREIRO,POINT (599399.513574082 7788800.34326183)
1982082,CRECHE DORA RIBEIRO,Creches Conveniadas,31290017,RUA,BERTOPOLIS,449,,Conjunto Providência,NORTE,POINT (612491.861100853 7804371.15386847)
1982709,MUNDO CRIANÇA,Creches Conveniadas,31365785,RUA,PORTO SEGURO,505,,Nova Vista,LESTE,POINT (614912.626594198 7800684.97417966)
1983159,EMEI COQUEIRO VERDE,EMEIS,31357618,RUA,DAS ALMAS,1200,,Conjunto Paulo VI,NORDESTE,POINT (617094.996483102 7806542.40191722)
1982034,ESCOLA MUNICIPAL SOBRAL PINTO,Municipal,31219550,RUA,DAS ALMAS,1120,,Conjunto Paulo VI,NORDESTE,POINT (616955.369601638 7806622.90553095)
1981858,ESCOLA MUNICIPAL GOVERNADOR OZANAM COELHO,Municipal,31224111,RUA,ANGELA BENAREGES,166,,Conjunto Capitão Eduardo,NORDESTE,POINT (618552.309283062 7806911.51678496)
1981808,ESCOLA MUNICIPAL ANTONIA FERREIRA,Municipal,31003476,RUA,JOAO GUALBERTO DE ABREU,10,,São João Batista,VENDA NOVA,POINT (608664.272112172 7808237.85681229)
1982986,CRECHE VIRGILIO PEDRO DE  ALMEIDA,Creches Conveniadas,31290068,RUA,QUARENTA E TRES,43,,Novo Aarão Reis,NORTE,POINT (614265.253604365 7805900.7225292)
1982529,CENTRO DE EDUCAÇÃO INFANTIL PROFESSORA MARIA LÚCIA HANNAS,Creches Conveniadas,31356417,RUA,QUITO,53,,Trevo,PAMPULHA,POINT (603659.481654266 7805868.50908615)
1981729,ESCOLA MUNICIPAL PROFESSORA ALCIDA TORRES,Municipal,31003093,RUA,ALVARO FERNANDES,144,,Taquaril,LESTE,POINT (616777.935524078 7797380.04688803)
1981874,ESCOLA MUNICIPAL PEDRO NAVA,Municipal,31231975,RUA,SAO PEDRO DA ALDEIA,445,,Serra do Curral,BARREIRO,POINT (608100.635671165 7788238.31766051)
1982065,CRECHE CASINHA DOS ANJOS,Creches Conveniadas,31290041,RUA,JOSEFINA GUIMARAES VIEIRA,2545,,Jardim Felicidade,NORTE,POINT (612653.685795161 7807390.43930167)
1983138,EMEI JULIANA,EMEIS,31357790,RUA,DA GALERIA,1130,,Juliana,NORTE,POINT (610741.870303452 7808416.88037257)
1981800,CENTRO INFANTIL CAMINHO DO CÉU,Creches Conveniadas,31289876,RUA,ALAIR PEREIRA DA SILVA,205,,Conjunto Taquaril,LESTE,POINT (617159.73460667 7797026.23890462)
1983177,EMEI GOIÂNIA,EMEIS,31361810,RUA,JOSE ARCANJO SANTIAGO,300,,Goiânia,NORDESTE,POINT (615320.565003208 7802223.65098645)
1982125,ESCOLA MUNICIPAL PREFEITO SOUZA LIMA,Municipal,31003051,RUA,DOS PARAGUAIOS,97,,Jardim Vitória,NORDESTE,POINT (616892.610480702 7804215.10563164)
1981835,CASA DA CRIANÇA SANTO ANTÔNIO,Creches Conveniadas,31365297,RUA,DAS VIOLAS,605,,Conjunto Califórnia I,NOROESTE,POINT (603783.202302083 7797030.70799495)
1983168,EMEI CASTELO DE CRATO,EMEIS,31365564,RUA,CASTELO DE CRATO,101,,Castelo,PAMPULHA,POINT (605249.964839605 7801724.75253579)
1983157,EMEI CAC HAVAI,EMEIS,31357871,AVENIDA,COSTA DO MARFIM,480,,Havaí,OESTE,POINT (607687.040612968 7792229.5752516)
1981957,ESCOLA MUNICIPAL PROFESSOR EDGAR DA MATTA MACHADO,Municipal,31283002,RUA,PENALVA,201,,Dom Silvério,NORDESTE,POINT (614667.708526919 7804308.72657536)
1981768,INSTITUTO TIA LÚCIA,Creches Conveniadas,31355941,RUA,JERIBA,188,,Olaria,BARREIRO,POINT (601796.366118969 7789389.45335018)
1983065,EMEI ELOS,EMEIS,31002607,RUA,MANOEL ALEXANDRINO,440,,Sao Paulo,NORDESTE,POINT (612579.275296234 7802915.0602521)
1982542,LAR-ESCOLA TEREZINHA DELAMARE,Creches Conveniadas,31308757,RUA,WENCESLAU BRAZ,107,,Copacabana,VENDA NOVA,POINT (606268.747148217 7806945.01996549)
1981735,ESCOLA MUNICIPAL GRACY VIANNA LAGE,Municipal,31003468,RUA,JOAO SOARES LEAL,23,,Jardim dos Comerciários,VENDA NOVA,POINT (607727.362791575 7811514.55984889)
1983180,EMEI COQUEIROS,EMEIS,31361771,RUA,ENEIDA,1465,,Coqueiros,NOROESTE,POINT (602449.659625005 7799423.64092039)
1982255,ESCOLA MUNICIPAL PADRE EDEIMAR MASSOTE,Municipal,31002810,RUA,ENEIDA,1485,,Coqueiros,NOROESTE,POINT (602400.390705337 7799466.74214726)
1982120,ESCOLA MUNICIPAL MINERVINA AUGUSTA,Municipal,31003662,RUA,DAVID CANABARRO,18,,Campo Alegre,NORTE,POINT (610266.068595886 7807008.32707951)
1983151,EMEI SOL NASCENTE,EMEIS,31357316,RUA,MARIA LETICIA,800,,Milionários,BARREIRO,POINT (605201.132949685 7790745.38735374)
1983140,EMEI VILA SÃO VICENTE,EMEIS,31357650,RUA,HUMAITA,1149,,Padre Eustáquio,NOROESTE,POINT (606405.619917686 7796953.22376664)
1982145,ESCOLA MUNICIPAL MARIA DA ASSUNCAO DE MARCO,Municipal,31231991,RUA,ANA HORTA,98,,Goiânia,NORDESTE,POINT (614730.121322395 7803693.05189416)
1982532,AMBJA II,Creches Conveniadas,31366099,RUA,OSORIO DE MORAIS,53,,Ouro Preto,PAMPULHA,POINT (606341.508478284 7801294.2201694)
1982203,ESCOLA MUNICIPAL IGNACIO DE ANDRADE MELO,Municipal,31205699,RUA,VIOLETA DE MELO,1005,,Jardim São José,PAMPULHA,POINT (604899.631898847 7799215.21334521)
1982098,CASA ESPÍRITA URBANO,Creches Conveniadas,31308552,RUA,VERA LUCIA PEREIRA,133,,Goiânia,NORDESTE,POINT (615181.342168115 7802021.55212309)
1982173,ESCOLA MUNICIPAL HILDA RABELLO MATTA,Municipal,31003484,RUA,JOVENTINA DA ROCHA,72,,Heliópolis,NORTE,POINT (611579.532642102 7805334.78772359)
1981816,ESCOLA MUNICIPAL MILTON CAMPOS,Municipal,31003646,RUA,JOVINO RODRIGUES PEGO,195,,Mantiqueira,VENDA NOVA,POINT (606339.051216684 7810764.5825046)
1983072,EMEI FLORAMAR,EMEIS,31361801,RUA,JOSE FERREIRA MAGALHAES,87,,Floramar,NORTE,POINT (611707.425687133 7806402.34042633)
1982089,CRECHE COMUNITÁRIA SOSSEGO DA MAMÃE,Creches Conveniadas,31282553,RUA,D,185,,Vila Maria,NORDESTE,POINT (616836.588214555 7804417.12451128)
1981852,CENTRO INFANTO JUVENIL CRESCER SORRINDO,Creches Conveniadas,31308927,RUA,PEPERI,975,,Nova Granada,OESTE,POINT (608134.146782384 7794152.13392036)
1983148,EMEI HELIÓPOLIS,EMEIS,31357804,RUA,DOS BENEDITINOS,220,,Heliópolis,NORTE,POINT (610843.566301154 7805571.42955583)
1981867,ESCOLA MUNICIPAL JOSE MARIA DOS MARES GUIA,Municipal,31223654,RUA,DOS BENEDITINOS,180,,Heliópolis,NORTE,POINT (610812.784564397 7805484.2273056)
1981810,ESCOLA MUNICIPAL ELISA BUZELIN,Municipal,31003611,RUA,JAIR AFONSO INACIO,277,,Piratininga,VENDA NOVA,POINT (606535.17037742 7809770.00494798)
1982191,CRECHE CASINHA DA VOVÓ,Creches Conveniadas,31281492,RUA,CESAR DACORSO FILHO,104,,Vale do Jatobá,BARREIRO,POINT (600821.929960981 7787225.89373647)
1983187,EMEI ENGENHO NOGUEIRA,EMEIS,31365572,RUA,ENGENHO DO MAR,10,,Engenho Nogueira,PAMPULHA,POINT (606598.951983049 7800125.88798003)
1983122,EMEI SÃO MARCOS,EMEIS,31362166,RUA,SANTO ALBERTO,10,,Fernão Dias,NORDESTE,POINT (613687.046756488 7802384.35827495)
1981911,ESCOLA MUNICIPAL BELO HORIZONTE,Municipal,31002593,AVENIDA,JOSE BONIFACIO,189,,São Cristóvão,NOROESTE,POINT (610175.908534353 7798851.50737651)
1981851,ESCOLA MUNICIPAL FRANCISCA ALVES,Municipal,31002682,AVENIDA,SANTA TEREZINHA,8,,Conjunto Lagoa,PAMPULHA,POINT (605029.388504688 7802820.20955869)
1983050,EMEI PARAÍSO,EMEIS,31357502,RUA,ITABIRITO,416,,Paraíso,LESTE,POINT (614608.124056036 7797206.55220237)
1981958,ESCOLA MUNICIPAL ANISIO TEIXEIRA,Municipal,31250651,RUA,BOLIVAR,10,,União,NORDESTE,POINT (612440.266853093 7801048.00028675)
1981876,ESCOLA MUNICIPAL ULYSSES GUIMARAES,Municipal,31231983,RUA,BOLIVIA,532,,Santa Rita de Cássia,CENTRO-SUL,POINT (610930.996988224 7793592.23788557)
1983049,EMEI MIRAMAR,EMEIS,31357359,RUA,TRES MARIAS,151,,Miramar,BARREIRO,POINT (603334.273801077 7788792.84478812)
1981737,ESCOLA MUNICIPAL DULCE MARIA HOMEM,Municipal,31212776,RUA,TRES MARIAS,221,,Miramar,BARREIRO,POINT (603275.983927749 7788781.40711623)
1982180,ESCOLA MUNICIPAL ZILDA ARNS,Municipal,31346900,RUA,ERVA MATE,46,,Piratininga,VENDA NOVA,POINT (605549.239512483 7808339.81605878)
1983222,CASA FELIX,Creches Conveniadas,31375551,RUA,CANTORA MAYSA,30,,Lajedo,NORTE,POINT (614001.756778243 7806604.10767449)
1981955,ESCOLA MUNICIPAL LUIZ GONZAGA JUNIOR,Municipal,31217832,RUA,MARIA PEREIRA DAMASCENO,65,,Ernesto do Nascimento,BARREIRO,POINT (601228.647985035 7787269.26490839)
1982540,CRECHE SONHO DE CRIANÇA,Creches Conveniadas,31315109,RUA,ALCIDES LINS,112,,Venda Nova,VENDA NOVA,POINT (608804.880249107 7808545.33422616)
1981761,ESCOLA MUNICIPAL LIDIA ANGELICA,Municipal,31003581,RUA,CORONEL INDIO DO BRASIL,64,,Itapoã,PAMPULHA,POINT (609071.468395195 7806056.1808861)
1982509,CENTRO COMUNITÁRIO INFANTIL CAMINHANDO COM JESUS DO BAIRRO CAMARGOS,Creches Conveniadas,31281824,RUA,JOSE MOREIRA MOTA,577,,Camargos,OESTE,POINT (602336.806999971 7794495.23408331)
1981792,CRECHE CRIANÇAS DE SANTO ANTÔNIO,Creches Conveniadas,31281549,AVENIDA,DO CONTORNO,6738,,Lourdes,CENTRO-SUL,POINT (610734.564485405 7794922.20717418)
1981946,ESCOLA MUNICIPAL MARCONI,Municipal,31002674,AVENIDA,DO CONTORNO,8476,,Santo Agostinho,CENTRO-SUL,POINT (609374.173339301 7795778.18294279)
1982977,INSTITUTO EDUCACIONAL CRISTÃO PEQUENOS BRILHANTES,Creches Conveniadas,31356280,RUA,EMILIO CARDOSO AIRES,210,,Tupi B,NORTE,POINT (613298.098526891 7805897.05327607)
1982166,ESCOLA MUNICIPAL CIAC LUCAS MONTEIRO MACHADO,Municipal,31244473,RUA,OTAVIANO DE CARVALHO,12,,Vila Pinho,BARREIRO,POINT (601832.870471667 7788230.31928856)
1983109,EMEI JARDIM DOS COMERCIÁRIOS,EMEIS,31358029,RUA,SETE DE OUTUBRO,600,,Jardim dos Comerciários,VENDA NOVA,POINT (607217.274863427 7811344.25451405)
1982237,ESCOLA MUNICIPAL HONORINA RABELLO,Municipal,31002844,RUA,MARIA CONCEICAO BONFIM,315,,Goiânia,NORDESTE,POINT (615622.008333136 7803935.77248909)
1983095,EMEI PARQUE REAL,EMEIS,31362085,RUA,TRES MIL E SETENTA E QUATRO,500,,Paulo VI,NORDESTE,POINT (616400.028479993 7805651.79319804)
1983110,EMEI LAGOA,EMEIS,31358002,RUA,HELCIO PEREIRA FORTES,6,,Lagoa,VENDA NOVA,POINT (604726.098105638 7809268.39704881)
1982103,ASSISTÊNCIA SOCIAL KENNEDY,Creches Conveniadas,31308561,RUA,ALINE,907,,Pindorama,NOROESTE,POINT (602332.106868722 7798093.19172946)
1981743,ESCOLA MUNICIPAL PROFESSOR MELLO CANCADO,Municipal,31003379,RUA,DAS PETUNIAS,2058,,Lindéia,BARREIRO,POINT (599061.384482881 7790334.40100882)
1983111,EMEI JARDIM MONTANHES,EMEIS,31361887,RUA,LEOPOLDO PEREIRA,197,,Jardim Montanhês,NOROESTE,POINT (606608.89647127 7798712.7056292)
1981759,ESCOLA MUNICIPAL FRANCISCO CAMPOS,Municipal,31003638,RUA,HERALDO BELISARIO,190,,Tupi A,NORTE,POINT (612838.739032851 7806473.49594283)
1982185,CENTRO PEDAGÓGICO VINHA DE LUZ,Creches Conveniadas,31315044,RUA,REIS DE ABREU,110,,Aparecida Sétima Seção,NOROESTE,POINT (608423.114149892 7800438.49434991)
1981912,ESCOLA MUNICIPAL CARLOS GOIS,Municipal,31003191,RUA,MENDES DE OLIVEIRA,446,,Santo André,NOROESTE,POINT (609695.200549431 7798967.5837495)
1982980,CRECHE LAR CRISTAO DA CRIANCA - UNIDADE II,Creches Conveniadas,31372820,RUA,PONTA GROSSA,863,,Milionários,BARREIRO,POINT (604734.995371633 7790295.99882548)
1981750,ESCOLA MUNICIPAL SEBASTIAO GUILHERME DE OLIVEIRA,Municipal,31003409,RUA,CALENDULA,10,,Olaria,BARREIRO,POINT (601490.940046246 7789388.11362288)
1982195,CRECHE COMUNITÁRIA DO BAIRRO OLARIA CANTINHO DO AMOR,Creches Conveniadas,31282944,RUA,MARANTA,315,,Olaria,BARREIRO,POINT (601446.008440677 7789364.79836863)
1983401,ESCUDINHO BABY 02,Creches Conveniadas,31378038,RUA,DOUTOR CRISTIANO REZENDE,2079,,Flávio Marques Lisboa,BARREIRO,POINT (605491.218925203 7789428.1163)
1981786,ESCOLA MUNICIPAL HELIO PELLEGRINO,Municipal,31247308,RUA,GUILHERME SOARES,255,,Aarão Reis,NORTE,POINT (612579.291787923 7805300.78464482)
1983155,EMEI SÃO GABRIEL,EMEIS,31357600,RUA,SAO JOAO DA SERRA,140,,São Gabriel,NORDESTE,POINT (613721.654564998 7804416.33467205)
1983074,EMEI MANACÁS,EMEIS,31362077,RUA,FRANCISCA SANTOS ANASTASIA,860,,Paquetá,PAMPULHA,POINT (605625.826914304 7800227.50729572)
1981913,ESCOLA MUNICIPAL HONORINA DE BARROS,Municipal,31002828,PRACA,PROFESSOR CORREA NETO,200,,São Cristóvão,NOROESTE,POINT (610289.899085901 7798954.49641339)
1981755,ESCOLA MUNICIPAL CONEGO SEQUEIRA,Municipal,31003255,RUA,FLOR CHUVA DE PRATA,40,,Mineirão,BARREIRO,POINT (601514.712815351 7785664.53154721)
1981930,ESCOLA MUNICIPAL SAO RAFAEL,Municipal,31003395,RUA,CORONEL OTAVIO DINIZ,31,,Pompéia,LESTE,POINT (614441.838359963 7797691.20355299)
1981951,CRECHE GRAZIA BARRECA CASTAGNA,Creches Conveniadas,31289612,RUA,CORONEL OTAVIO DINIZ,14,,Vila São Rafael,LESTE,POINT (614385.964519014 7797665.89870372)
1981799,CENTRO DE EDUCAÇÃO INFANTIL ZÉLIA ALEIXO,Creches Conveniadas,31355976,AVENIDA,BERNARDO MONTEIRO,390,,Santa Efigênia,CENTRO-SUL,POINT (612284.57706694 7796843.92601388)
1983158,EMEI CAPITÃO EDUARDO,EMEIS,31357626,RUA,DOS MENSAGEIROS,95,,Conjunto Capitão Eduardo,NORDESTE,POINT (618354.260594761 7806949.62902732)
1982520,CENTRO INFANTIL SÃO FRANCISCO DE ASSIS,Creches Conveniadas,31282499,AVENIDA,EXPEDICIONARIO BENVINDO BELEM DE LIMA,730,,São Luíz,PAMPULHA,POINT (606940.255724303 7802663.40147652)
1981789,ESCOLA MUNICIPAL DOM ORIONE,Municipal,31003336,AVENIDA,EXPEDICIONARIO BENVINDO BELEM DE LIMA,900,,São Luíz,PAMPULHA,POINT (606911.47772771 7802825.41849842)
1983047,EMEI CARLOS PRATES,EMEIS,31357693,AVENIDA,NOSSA SENHORA DE FATIMA,2283,,Carlos Prates,NOROESTE,POINT (609656.758423323 7797611.41979274)
1983046,EMEI JATOBÁ IV,EMEIS,31357294,AVENIDA,AGENOR NONATO DE SOUZA,8,,Vale do Jatobá,BARREIRO,POINT (600809.93225753 7787716.77381925)
1982208,CRECHE COMUNITÁRIA TIA FRANCISCA,Creches Conveniadas,31257524,RUA,PAULO DUARTE,320,,Santa Cecília,BARREIRO,POINT (601211.90067527 7788280.54906443)
1983093,EMEI PACAJÁ,EMEIS,31362115,RUA,CACHOEIRINHA,915,,Santa Cruz,NORDESTE,POINT (610358.793114994 7801288.65130293)
1983107,EMEI SILVA LOBO,EMEIS,31357901,AVENIDA,SILVA LOBO,2250,,Nova Granada,OESTE,POINT (608369.507916124 7794492.17470604)
1982122,ESCOLA MUNICIPAL MOYSES KALIL,Municipal,31003671,RUA,AFONSO PEREIRA DA SILVA,10,,Mantiqueira,VENDA NOVA,POINT (606638.243431119 7811462.34047799)
1981784,ESCOLA MUNICIPAL DE ENSINO ESPECIAL FREI LEOPOLDO,Municipal,31231967,RUA,CLOVIS CYRILO LIMONGE,141,,Salgado Filho,OESTE,POINT (606840.794350405 7793656.54479609)
1982045,ESCOLA MUNICIPAL SALGADO FILHO,Municipal,31002712,RUA,CLOVIS CYRILO LIMONGE,151,,Salgado Filho,OESTE,POINT (606879.252968202 7793676.81067102)
1983087,EMEI URCA CONFISCO,EMEIS,31362220,RUA,EXPEDICIONARIO PAULO DE SOUZA,701,,Confisco,PAMPULHA,POINT (603055.036529838 7802861.68111727)
1981856,ESCOLA MUNICIPAL PROFESSORA ALICE NACIF,Municipal,31003131,RUA,EXPEDICIONARIO PAULO DE SOUZA,721,,Confisco,PAMPULHA,POINT (603038.017107211 7802918.13962531)
1983088,EMEI NAVEGANTES,EMEIS,31361747,RUA,RADIALISTA JOSE JUNQUILHO,32,,Céu Azul,VENDA NOVA,POINT (604269.913261652 7807653.2658041)
1981730,ESCOLA MUNICIPAL PROFESSORA ONDINA NOBRE,Municipal,31003727,RUA,RADIALISTA JOSE JUNQUILHO,100,,Céu Azul,VENDA NOVA,POINT (604287.221288829 7807572.28228806)
1981782,GRUPO DE AMIGOS DA CRIANÇA,Creches Conveniadas,31290289,BECO,APARECIDA,25,,Vila Barragem Santa Lúcia,CENTRO-SUL,POINT (610588.382157726 7793067.29473623)
1981733,ESCOLA MUNICIPAL PREFEITO AMINTHAS DE BARROS,Municipal,31003018,RUA,SAN SALVADOR,100,,Havaí,OESTE,POINT (607817.052839982 7792246.53180014)
1982072,CRECHE SANTA MARIA MADALENA,Creches Conveniadas,31290149,RUA,JORGE FRANCISCO DOS SANTOS,11,,Vila Primeiro de Maio,NORTE,POINT (611855.018054186 7803328.61607401)
1981798,CRECHE SÃO FRANCISCO DE ASSIS,Creches Conveniadas,31290262,RUA,NOSSA SENHORA DE FATIMA,1175,,Nossa Senhora de Fátima,CENTRO-SUL,POINT (614490.183745071 7794994.84238949)
1982169,ESCOLA MUNICIPAL PROFESSOR EDSON PISANI,Municipal,31212784,RUA,NOSSA SENHORA DE FATIMA,1015,,Nossa Senhora de Fátima,CENTRO-SUL,POINT (614294.526351616 7795007.03990672)
1982151,ESCOLA MUNICIPAL MARLENE PEREIRA RANCANTE,Municipal,31217794,RUA,DOS COMERCIANTES,38,,Alípio de Melo,PAMPULHA,POINT (604501.126735711 7799641.0966579)
1983181,EMEI XODÓ MARIZE,EMEIS,31362239,RUA,HUMBERTO LAVALLE,91,,Xodó-Marize,NORTE,POINT (611129.490952117 7808003.92442855)
1981870,ESCOLA MUNICIPAL ANTONIO GOMES HORTA,Municipal,31003492,RUA,ANTONIO JOSE DE OLIVEIRA,161,,Minascaixa,VENDA NOVA,POINT (609393.15527287 7808992.84313702)
1982981,CRECHE SAGRADA FAMILIA,Creches Conveniadas,31372382,AVENIDA,COUNTRY CLUB DE BELO HORIZONTE,469,,Conjunto Taquaril,LESTE,POINT (618121.694802237 7796707.37380868)
1983082,EMEI VENDA NOVA,EMEIS,31358010,RUA,DOUTOR ALVARO CAMARGOS,200,,São João Batista,VENDA NOVA,POINT (609559.754311026 7808131.10854059)
1981803,CRECHE NOSSA SENHORA DO ROSÁRIO DE POMPÉIA,Creches Conveniadas,31289850,RUA,LEOPOLDO GOMES,382,,Vila São Rafael,LESTE,POINT (614624.203452413 7797820.84716441)
1982521,CRECHE EDUCANDÁRIO MEIMEI,Creches Conveniadas,31320773,RUA,JOAO EVANGELISTA,260,,Santa Terezinha,PAMPULHA,POINT (603700.826317566 7802671.94973654)
1982533,INSTITUTO BATISTA ITATIAIA,Creches Conveniadas,31367087,RUA,JOAO EVANGELISTA,371,,Santa Terezinha,PAMPULHA,POINT (603780.679073728 7802772.49926998)
1981749,ESCOLA MUNICIPAL HELENA ANTIPOFF,Municipal,31002801,RUA,ANTONIO EUSTAQUIO PIAZZA,4020,,Tirol,BARREIRO,POINT (599890.091834626 7789279.46573784)
1983086,EMEI SÃO JOÃO BATISTA,EMEIS,31358061,RUA,PROFESSOR AIMORE DUTRA,514,,São João Batista,VENDA NOVA,POINT (608710.465331918 7807701.42600123)
1983071,EMEI ALTO VERA CRUZ,EMEIS,31362204,RUA,FOSFORO,75,,Taquaril,LESTE,POINT (616365.585588369 7797202.60300622)
1981936,ESCOLA MUNICIPAL GEORGE RICARDO SALUM,Municipal,31002763,RUA,FOSFORO,77,,Taquaril,LESTE,POINT (616411.292303302 7797136.60643962)
1983145,EMEI BETINHO,EMEIS,31357855,RUA,TRINTA E NOVE,60,,Novo Aarão Reis,NORTE,POINT (613769.266069963 7805331.56837888)
1983156,EMEI MANGUEIRAS,EMEIS,31357391,RUA,COROA DE FRADE,328,,Mangueiras,BARREIRO,POINT (600724.546539846 7786851.13001853)
1983386,CRECHE SÃO JOÃO PAULO II,Creches Conveniadas,31377970,RUA,MONTE REAL,60,,Granja de Freitas,LESTE,POINT (616482.633299151 7797764.0378017)
1982248,ESCOLA MUNICIPAL EMIDIO BERUTTO,Municipal,31002615,RUA,CONCEICAO DO PARA,1726,,Santa Inês,LESTE,POINT (614003.481031345 7801411.66626359)
1983055,EMEI FRANCISCO AZEVEDO,EMEIS,31002721,RUA,PITT,332,,União,NORDESTE,POINT (612408.470877487 7801157.06808631)
1983186,EMEI JARDIM GUANABARA,EMEIS,31357782,RUA,JOAO ALVARES CABRAL,77,,Jardim Guanabara,NORTE,POINT (611674.219672153 7807075.45341614)
1982202,ESCOLA MUNICIPAL CARMELITA CARVALHO GARCIA,Municipal,31003239,PRACA,OLGA GATTI BARBOSA,10,,Ouro Preto,PAMPULHA,POINT (606034.392007481 7800850.27053406)
1983146,EMEI SANTA MARIA,EMEIS,31357880,RUA,JOAO BATISTA VIEIRA,720,,Santa Maria,OESTE,POINT (602809.038256957 7795545.50030467)
1983175,EMEI JAQUELINE,EMEIS,31361844,RUA,LUIZ GONZAGA DE SOUZA,101,,Jaqueline,NORTE,POINT (610662.215447553 7809814.01598966)
1982982,INSTITUTO PEDAGOGICO SONHO DA VOVO,Creches Conveniadas,31372145,RUA,JOATUBA,94,,Guarani,NORTE,POINT (612862.181968184 7805526.05879092)
1983054,EMEI PROFESSOR JOSÉ BRAZ,EMEIS,31003361,RUA,JOSE ZUQUIM,210,,Santa Margarida,BARREIRO,POINT (602687.42854528 7791383.577452)
1983112,EMEI VILA LEONINA,EMEIS,31361968,RUA,DEZENOVE DE DEZEMBRO,331,,Alpes,OESTE,POINT (608367.339259074 7793284.44053683)
1982037,ESCOLA MUNICIPAL AURELIO BUARQUE DE HOLANDA,Municipal,31217786,RUA,FORTUNATO BRUNO DINIZ,40,,Lindéia,BARREIRO,POINT (598555.064905576 7790774.61140527)
1982210,CRECHE LAR DAS CRIANÇAS SÃO VICENTE DE PAULO,Creches Conveniadas,31281506,RUA,SOUZA MAGALHAES,853,,Barreiro,BARREIRO,POINT (602143.112117458 7790484.7903975)
1981855,ESCOLA MUNICIPAL MARIA DE MAGALHAES PINTO,Municipal,31003123,RUA,SENADOR VIRGILIO TAVORA,150,,Santa Terezinha,PAMPULHA,POINT (604000.20818642 7802011.50416832)
1981857,CRECHE LAR DA FRATERNIDADE,Creches Conveniadas,31332381,RUA,ESTRELA DA JORDANIA,171,,Vista Alegre,OESTE,POINT (604672.030104589 7793388.11943329)
1982063,INSTITUTO PRESBITERIANO DE EDUCAÇÃO DE MINAS GERAIS,Creches Conveniadas,31257834,RUA,ITAJOBI,106,,Pompéia,LESTE,POINT (614370.981819928 7797888.33342778)
1983057,EMEI RENASCENÇA,EMEIS,31002666,RUA,MACAPA,224,,Renascença,NORDESTE,POINT (611139.237540074 7800219.04901737)
1982156,CRECHE DOM BOSCO,Creches Conveniadas,31291048,RUA,OLINTO MAGALHAES,2140,,Dom Bosco,NOROESTE,POINT (604634.4290546 7797971.95640656)
1983070,EMEI CAFEZAL,EMEIS,31362026,RUA,OLIEM BONFIM GUIMARAES,237,,Nossa Senhora da Conceição,CENTRO-SUL,POINT (613632.071712566 7795276.21511689)
1982059,CRECHE PASSO A PASSO COM JESUS,Creches Conveniadas,31322008,RUA,ASTOLFO DUTRA,2385,,Alto Vera Cruz,LESTE,POINT (616004.343395607 7798446.22986957)
1982593,INSTITUTO PEDAGOGICO ILUMINAR,Creches Conveniadas,31355925,RUA,ATACARAMBU,111,,São Geraldo,LESTE,POINT (615022.139652292 7799385.88860476)
1983179,EMEI MONTE AZUL,EMEIS,31362018,RUA,AMELIA DE ALMEIDA,10,,Monte Azul,NORTE,POINT (615847.152865793 7808304.21330562)
1983422,ABAFE,Creches Conveniadas,31378020,RUA,SONIA BRAZ XAVIER,92,,Jardim Felicidade,NORTE,POINT (611963.310681367 7807553.986)
1983421,CONSELHO COMUNITARIO ASSIS CHATEAUBRIAND,Creches Conveniadas,31257826,PRACA,GERALDA DINIZ DA SILVA,22,,Vale do Jatobá,BARREIRO,POINT (600770.780362734 7787217.39513727)
1981836,CRECHE ESCOLA INFANTIL PINGO D'ÁGUA,Creches Conveniadas,31281336,RUA,EPAMINONDAS OTONI,315,,Vista Alegre,OESTE,POINT (604758.627961386 7793528.52085499)
1982508,CRECHE SONHO DE CRIANÇA,Creches Conveniadas,31339393,RUA,EPAMINONDAS OTONI,255,,Vista Alegre,OESTE,POINT (604725.322996274 7793585.50925516)
1982168,ESCOLA MUNICIPAL THEOMAR DE CASTRO ESPINDOLA,Municipal,31312606,RUA,MICA,144,,Nossa Senhora da Aparecida,CENTRO-SUL,POINT (613167.847170392 7795935.40094152)
1982090,CRECHE DO MENINO DEUS,Creches Conveniadas,31282235,RUA,NELSON,522,,União,NORDESTE,POINT (612902.28975484 7801173.09482412)
1982515,CRECHE COMUNITÁRIA CRIANÇA FELIZ,Creches Conveniadas,31283037,AVENIDA,DESEMBARGADOR FELIPPE IMMESI,59,,Santa Amélia,PAMPULHA,POINT (607650.445555982 7807007.0173461)
1982036,ESCOLA MUNICIPAL EDITH PIMENTA DA VEIGA,Municipal,31217867,ALAMEDA,VARGEM GRANDE,38,,Castanheira,BARREIRO,POINT (601330.25327845 7788642.18545439)
1981860,ESCOLA MUNICIPAL PROFESSORA MARIA MAZARELLO,Municipal,31219193,RUA,BENEDITO NEVES,45,,Nazaré,NORDESTE,POINT (615940.677231798 7804317.45479876)
1983182,EMEI MARIA GORETTI,EMEIS,31361992,RUA,BARREIRO GRANDE,495,,Maria Goretti,NORDESTE,POINT (614293.462637702 7803525.08608311)
1981747,ESCOLA MUNICIPAL MESTRE ATAIDE,Municipal,31003204,RUA,AUGUSTO JOSE DOS SANTOS,560,,Estrela do Oriente,OESTE,POINT (605803.252746021 7791744.87391115)
1982187,COMUNIDADE INFANTIL PRÍNCIPE DA PAZ,Creches Conveniadas,31289892,RUA,IRACI CARNEIRO,10,,Monsenhor Messias,NOROESTE,POINT (607580.207454269 7798025.45551697)
1982243,ESCOLA MUNICIPAL NOSSA SENHORA DO AMPARO,Municipal,31002739,RUA,HESPERIA,300,,Aparecida,NOROESTE,POINT (609819.415947906 7800407.12073592)
1983113,EMEI PALMEIRAS,EMEIS,31357936,RUA,MANUEL ALVES,100,,Palmeiras,OESTE,POINT (606639.315390878 7791275.41946724)
1982086,CRECHE CASA DO SOL,Creches Conveniadas,31282383,RUA,JUNIA CRISTINA,120,,Vista do Sol,NORDESTE,POINT (616231.854485577 7804576.57205619)
1981853,CRECHE COMUNITÁRIA TIA MAMÁLIA,Creches Conveniadas,31315079,RUA,ESTEVAO MESSIAS,160,,Imbaúbas,OESTE,POINT (605403.840540013 7794421.60906947)
1983067,EMEI ITATIAIA,EMEIS,31357952,RUA,MARIA CECILIA,165,,Santa Terezinha,PAMPULHA,POINT (604019.635395581 7801966.81326503)
1981809,ESCOLA MUNICIPAL GERALDO TEIXEIRA DA COSTA,Municipal,31003824,RUA,MARCIO LIMA PAIXAO,9,,Rio Branco,VENDA NOVA,POINT (607225.545445255 7808658.2312463)
1983174,EMEI PETRÓPOLIS,EMEIS,31357405,RUA,FREDERICO BOY PRUSSIANO,455,,Petrópolis,BARREIRO,POINT (601718.195515043 7786808.97859833)
1983097,EMEI BARREIRO,EMEIS,31365556,RUA,SAO PAULO DA CRUZ,65,,Barreiro,BARREIRO,POINT (603459.610634376 7790353.34715239)
1981728,ESCOLA MUNICIPAL OSWALDO CRUZ,Municipal,31002771,RUA,SANTOS,2200,,Jardim América,OESTE,POINT (607822.206492667 7793219.23380947)
1983242,CENTRO COMUNITARIO DE EDUCACAO LAGOINHA,Creches Conveniadas,31373427,RUA,SAO CRISTOVAO,48,,Lagoinha Leblon,VENDA NOVA,POINT (605119.383649334 7809928.59266791)
1982150,ESCOLA MUNICIPAL GOVERNADOR CARLOS LACERDA,Municipal,31002780,RUA,PRINCESA LEOPOLDINA,490,,Ipiranga,NORDESTE,POINT (611787.591785378 7800803.73000725)
1981864,ESCOLA MUNICIPAL ANNE FRANK,Municipal,31219185,RUA,CECILIA MAGALHAES GOMES,445,,Confisco,PAMPULHA,POINT (602563.633684864 7802926.1279993)
1983164,EMEI SAGRADA FAMÍLIA,EMEIS,31368130,RUA,COSTA MONTEIRO,875,,Sagrada Família,LESTE,POINT (612783.318713338 7798817.15436897)
1981862,ESCOLA MUNICIPAL HENRIQUETA LISBOA,Municipal,31212768,RUA,GEORGINA PADUA,297,,Penha,NORDESTE,POINT (613669.961367106 7802112.15368141)
1981801,CECIP - CENTRO EDUCATIVO COMUNITÁRIO ISRAEL PINHEIRO,Creches Conveniadas,31289868,RUA,GENERAL OSORIO,966,,Alto Vera Cruz,LESTE,POINT (616235.697049019 7798013.20800992)
1982182,CRECHE COMUNITÁRIA DA VILA SUMARÉ,Creches Conveniadas,31281697,RUA,SUMARE,175,,Vila Sumaré,NOROESTE,POINT (608192.749997795 7800469.82797205)
1982175,ESCOLA MUNICIPAL TANCREDO PHIDEAS GUIMARAES,Municipal,31003794,RUA,SATURNO,400,,Parque São Pedro,VENDA NOVA,POINT (609953.081083943 7808675.72768495)
1983120,EMEI CORNÉLIO VAZ DE MELO,EMEIS,31003271,RUA,POROROCAS,124,,Aparecida,NOROESTE,POINT (609100.188670878 7799855.74296727)
1982091,CRECHE PAROQUIAL SÃO JOSÉ,Creches Conveniadas,31006114,RUA,PADRE JOSE ALVES,271,,Sao Paulo,NORDESTE,POINT (612537.064819283 7802876.23815423)
1981748,ESCOLA MUNICIPAL TENENTE MANOEL MAGALHAES PENIDO,Municipal,31003425,RUA,AMUR,60,,Betânia,OESTE,POINT (604947.614466805 7792344.23191357)
1981758,ESCOLA MUNICIPAL SEBASTIANA NOVAIS,Municipal,31003778,RUA,ANITA MALFATTI,60,,Tupi B,NORTE,POINT (613155.239274463 7805645.45448827)
1982188,CENTRO INFANTIL ELISA DUQUE DE CATÃO,Creches Conveniadas,31299740,RUA,CRUZ ALTA,540,,João Pinheiro,NOROESTE,POINT (604549.043336915 7795947.98837939)
1982524,EPRE - EDUCANDARIO PRESBITERIANO RENOVADO,Creches Conveniadas,31281859,RUA,FLOR DA CACHOEIRINHA,95,,Jardim Alvorada,PAMPULHA,POINT (605702.166940796 7799161.75422666)
1982048,ESCOLA MUNICIPAL LEVINDO LOPES,Municipal,31003042,RUA,FLUORINA,1460,,Paraíso,LESTE,POINT (614639.16965981 7796617.50210181)
1982517,CRECHE COMUNITÁRIA RECANTO FELIZ,Creches Conveniadas,31308528,RUA,CONGONHAL,457,,Santa Terezinha,PAMPULHA,POINT (603907.26927536 7802641.23598824)
1982129,ESCOLA MUNICIPAL AGENOR ALVES DE CARVALHO,Municipal,31002798,RUA,AGENOR ALVES,53,,Nazaré,NORDESTE,POINT (615595.514435413 7804288.82062716)
1983130,EMEI OURO MINAS,EMEIS,31357588,RUA,DAS URSULINAS,98,,Ouro Minas,NORDESTE,POINT (614638.724384218 7805261.94255101)
1982096,"CRECHE INFANTIL ""OS TRÊS PORQUINHOS""",Creches Conveniadas,31302058,RUA,DOS FERREIROS,228,,São Gabriel,NORDESTE,POINT (614312.098245811 7804384.81108858)
1982083,CRECHE COMUNITÁRIA DOM GIUSSANI,Creches Conveniadas,31332038,RUA,GERALDO FERNANDES,190,,Novo Tupi,NORTE,POINT (614042.516858242 7805913.6998877)
1983137,EMEI JARDIM VITÓRIA,EMEIS,31357561,RUA,BRANCA,51,,Vitória,NORDESTE,POINT (617000.309453051 7803570.68680122)
1981781,ESCOLINHA EVANGÉLICA DE EDUCAÇÃO INFANTIL,Creches Conveniadas,31290203,BECO,SAO JOAO,90,,Estrela,CENTRO-SUL,POINT (610820.18108673 7793843.49674256)
1982146,ESCOLA MUNICIPAL PADRE GUILHERME PETERS,Municipal,31002852,RUA,CORONEL JORGE DAVIS,300,,Nossa Senhora do Rosário,CENTRO-SUL,POINT (613501.267884499 7795614.34629127)
1982528,CCEE - CENTRO CRISTÃO EVANGÉLICO EDUCACIONAL,Creches Conveniadas,31343684,RUA,FLOR D'AGUA,681,,Jardim Alvorada,PAMPULHA,POINT (605643.38231681 7800054.46251848)
1982531,AMBJA,Creches Conveniadas,31356875,RUA,FLOR D'AGUA,711,,Jardim Alvorada,PAMPULHA,POINT (605633.355370147 7800086.52599205)
1982256,ESCOLA MUNICIPAL LUIGI TONIOLO,Municipal,31003069,RUA,MAFRA,124,,Novo Glória,NOROESTE,POINT (602856.690991143 7799015.06408502)
1983143,EMEI PROFESSORA MARTA NAIR MONTEIRO,EMEIS,31357480,RUA,UNIAO,16,,Santa Rita de Cássia,CENTRO-SUL,POINT (610733.673934221 7793298.19773659)
1981778,CRECHE NOSSA SENHORA DO CARMO DA VILA SANTA RITA DE CÁSSIA,Creches Conveniadas,31290271,RUA,UNIAO,83,,Santa Rita de Cássia,CENTRO-SUL,POINT (610686.111904322 7793321.99289315)
1981753,ESCOLA MUNICIPAL ANTONIO MOURAO GUIMARAES,Municipal,31002950,RUA,INTERSINDICAL,270,,Flávio de Oliveira,BARREIRO,POINT (604348.611599613 7788040.54791597)
1983076,EMEI PLANALTO,EMEIS,31362093,RUA,LUIZ DE MELLO MATTOS,215,,Planalto,NORTE,POINT (610430.243355818 7805941.77417326)
1982990,CRECHE METODISTA ISABEL VEIGA PINTO,Creches Conveniadas,31308650,RUA,FLOR DE LA,40,,Jardim Alvorada,PAMPULHA,POINT (606203.93481205 7799209.89442787)
1981833,CENTRO DE EDUCAÇÃO INFANTIL SÃO FRANCISCO,Creches Conveniadas,31281409,RUA,ESPINOSA,1007,,Carlos Prates,NOROESTE,POINT (608724.136941761 7797640.45388294)
1981937,ESCOLA MUNICIPAL PROFESSOR JOAO CAMILO DE OLIVEIRA,Municipal,31002941,RUA,ESTER BATISTA VIEIRA,12,,Califórnia,NOROESTE,POINT (603676.608272869 7796035.20062759)
1983009,INSTITUTO DE EDUCAÇÃO ARCA DE NOÉ - UNIDADE SERRANO,Creches Conveniadas,31370894,RUA,HELIA RICALDONI DE FREITAS,327,,Serrano,PAMPULHA,POINT (603893.317306811 7801740.25937941)
1982526,CRECHE NOSSA SENHORA DAS NEVES,Creches Conveniadas,31303747,RUA,DA PASCOA,40,,Vila Jardim São José,PAMPULHA,POINT (605803.483629661 7798781.94153644)
1982053,CRECHE CLUBINHO DE NOSSA SENHORA DAS VITÓRIAS,Creches Conveniadas,31289582,BECO,PONTA PORA,144,,Vila União,LESTE,POINT (613157.55635671 7796901.83422683)
1983115,EMEI PAULO VI,EMEIS,31361763,RUA,QUATRO MIL SETECENTOS E SESSENTA E NOVE,150,,Conjunto Paulo VI,NORDESTE,POINT (616622.575571697 7806625.81493874)
1982215,ESCOLA MUNICIPAL SANTA TEREZINHA,Municipal,31219231,RUA,CONCEICAO DA APARECIDA,400,,Santa Terezinha,PAMPULHA,POINT (604582.480235535 7802474.00002863)
1983162,EMEI PADRE TARCÍSIO,EMEIS,31357448,RUA,MANGABEIRA DA SERRA,280,,Marçola,CENTRO-SUL,POINT (614107.08181908 7794324.25888482)
1983096,EMEI ITAIPU,EMEIS,31362212,RUA,TINGUI,221,,CDI Jatobá,BARREIRO,POINT (600093.038554439 7788785.89620249)
1982238,ESCOLA MUNICIPAL PROFESSORA HELENA ABDALLA,Municipal,31003719,RUA,ARNALDO LOURENCO,602,,Pousada Santo Antônio,NORDESTE,POINT (616897.351841172 7803868.4062013)
1982041,ESCOLA MUNICIPAL JOAO DO PATROCINIO,Municipal,31002968,RUA,SERINGUEIRA,128,,Nova Gameleira,OESTE,POINT (605339.358037618 7794337.4961904)
1981966,ESCOLA MUNICIPAL PROFESSOR HILTON ROCHA,Municipal,31294659,RUA,VICENTE SURETTE,215,,Mangueiras,BARREIRO,POINT (600685.890021786 7786799.61050518)
1981787,ESCOLA MUNICIPAL PROFESSOR AMILCAR MARTINS,Municipal,31219568,RUA,PRELUDIO,54,,Santa Amélia,PAMPULHA,POINT (607682.480661072 7806814.90644971)
1981760,ESCOLA MUNICIPAL TRISTAO DA CUNHA,Municipal,31003808,RUA,DOUTOR JOSE FEROLLA,80,,Planalto,NORTE,POINT (610681.065447613 7806112.6493921)
1982538,CRECHE COMUNITÁRIA RECANTO VERDE,Creches Conveniadas,31291579,RUA,HEITOR A MONTALVAO,211,,Conjunto Serra Verde,VENDA NOVA,POINT (609492.954726384 7811028.07887068)
1983141,EMEI CASTELO,EMEIS,31357960,RUA,CASTELO DE ALCAZAR,10,,Castelo,PAMPULHA,POINT (604977.89320706 7801782.09086474)
1983118,EMEI MANTIQUEIRA,EMEIS,31361984,RUA,ARAMITA FRANCISCA DOS SANTOS,88,,Mantiqueira,VENDA NOVA,POINT (607007.58304298 7811636.36505579)
1983098,EMEI POMPÉIA,EMEIS,31362158,RUA,BELEM,1800,,Pompéia,LESTE,POINT (614793.944157246 7797370.78877249)
1983068,EMEI DELFIM MOREIRA,EMEIS,31357456,RUA,ESPIRITO SANTO,890,,Centro,CENTRO-SUL,POINT (611111.737649347 7796752.05471401)
1982049,CRECHE IMACULADA CONCEIÇÃO DA SOCIEDADE DE SÃO VICENTE DE PAULO,Creches Conveniadas,31297739,RUA,MOCOCA,62,,Nova Vista,LESTE,POINT (614974.198313556 7800663.54854078)
1982051,CRECHE CAMINHO À LUZ,Creches Conveniadas,31289591,RUA,TENENTE GARRO,176,,Santa Efigênia,LESTE,POINT (613249.019261641 7796287.6492424)
1981751,ESCOLA MUNICIPAL PROFESSORA ISAURA SANTOS,Municipal,31003263,RUA,HOFFMAN,80,,Santa Helena,BARREIRO,POINT (603663.530363815 7789395.68208234)
1981825,CRECHE PADRE EUSTÁQUIO,Creches Conveniadas,31308846,RUA,HENRIQUE GORCEIX,340,,Padre Eustáquio,NOROESTE,POINT (606785.621406221 7797109.68192003)
1983223,INSTITUTO EDUCACIONAL INFANTIL EMANUEL,Creches Conveniadas,31374083,RUA,BANDEIRANTES DO OESTE,96,,Nova Cintra,OESTE,POINT (605927.215299889 7793732.72517003)
1983077,EMEI TIMBIRAS,EMEIS,31357413,RUA,DOS TIMBIRAS,1697,,Lourdes,CENTRO-SUL,POINT (611016.737277213 7796244.66799111)
