ID_ENTIDADE_LOCAL_EXEC,ID_ENTIDADE,NOME_ENTIDADE,DESC_CATEGORIA,SIGLA_CATEGORIA,TIPO_EXECUCAO,NOME_SERVICO,NIVEL_PROTECAO,SIGLA_PROTECAO,PUBLICO_USUARIO,TIPO_LOGRADOURO,LOGRADOURO,NUMERO,BAIRRO,GEOMETRIA
160,254,"ASSOCIACAO CULTURAL, ESPORTIVA E SOCIAL VERENA – ACS",SERVICO DE CONVIVENCIA E FORTALECIMENTO DE VINCULOS,SCFV,INDIRETA,CENTRO DE CONVIVENCIA,PROTECAO SOCIAL BASICA,PROTECAO SOCIAL BASICA,FAMILIAS,RUA,CARLOS CAMPOS MOTTA,586,ITATIAIA,POINT (603110.423865974 7802888.08574269)
161,255,ASSOCIACAO DAS OBRAS PAVONIANAS DE ASSISTENCIA - OBRAS SOCIAIS PADRE AGNALDO,SERVICO DE CONVIVENCIA E FORTALECIMENTO DE VINCULOS,SCFV,INDIRETA,CENTRO DE CONVIVENCIA,PROTECAO SOCIAL BASICA,PROTECAO SOCIAL BASICA,FAMILIAS,RUA,DIAS DE TOLEDO,99,CORAÇÃO DE JESUS,POINT (609841.795169325 7793888.45759091)
162,256,ASSOCIACAO DE AMIGOS DO CENTRO SOCIAL FREI JOSE RENATO,SERVICO DE CONVIVENCIA E FORTALECIMENTO DE VINCULOS,SCFV,INDIRETA,CENTRO DE CONVIVENCIA,PROTECAO SOCIAL BASICA,PROTECAO SOCIAL BASICA,FAMILIAS,RUA,OLIVEIRA FORTES,40,SÃO GONÇALO,POINT (612839.538879748 7804861.534053)
163,257,ASSOCIACAO DO PEQUENO CRISTO,SERVICO DE CONVIVENCIA E FORTALECIMENTO DE VINCULOS,SCFV,INDIRETA,CENTRO DE CONVIVENCIA,PROTECAO SOCIAL BASICA,PROTECAO SOCIAL BASICA,FAMILIAS,AVENIDA,SILVA LOBO,2379,GRAJAÚ,POINT (608461.226442228 7794515.2300132)
164,258,ASSOCIACAO ESCOLA DE ESPORTES VISAO DA VIDA,SERVICO DE CONVIVENCIA E FORTALECIMENTO DE VINCULOS,SCFV,INDIRETA,CENTRO DE CONVIVENCIA,PROTECAO SOCIAL BASICA,PROTECAO SOCIAL BASICA,FAMILIAS,RUA,RIO VERDE,544,CARMO,POINT (611631.753574028 7794103.96372526)
165,259,ASSOCIACAO ESPIRITA CHRISTOPHER SMITH,SERVICO DE CONVIVENCIA E FORTALECIMENTO DE VINCULOS,SCFV,INDIRETA,CENTRO DE CONVIVENCIA,PROTECAO SOCIAL BASICA,PROTECAO SOCIAL BASICA,FAMILIAS,RUA,LUIZA CHEQUER SANTOS,179,PARAÍSO,POINT (614371.583766562 7796248.5771954)
166,260,ASSOCIACAO FAMILIA DE CANA,SERVICO DE CONVIVENCIA E FORTALECIMENTO DE VINCULOS,SCFV,INDIRETA,CENTRO DE CONVIVENCIA,PROTECAO SOCIAL BASICA,PROTECAO SOCIAL BASICA,FAMILIAS,RUA,HENRIQUE GORCEIX,80,PADRE EUSTÁQUIO,POINT (606786.008960903 7796784.29815096)
167,261,ASSOCIACAO GOSPA MIRA,SERVICO DE CONVIVENCIA E FORTALECIMENTO DE VINCULOS,SCFV,INDIRETA,CENTRO DE CONVIVENCIA,PROTECAO SOCIAL BASICA,PROTECAO SOCIAL BASICA,FAMILIAS,RUA,JULIA LOPES DE ALMEIDA,51,SANTA MARIA,POINT (603559.434825423 7795180.49460052)
168,262,ASSOCIACAO MINEIRA DA AMIZADE - AMA (CLUBE DA  AMIZADE),SERVICO DE CONVIVENCIA E FORTALECIMENTO DE VINCULOS,SCFV,INDIRETA,CENTRO DE CONVIVENCIA,PROTECAO SOCIAL BASICA,PROTECAO SOCIAL BASICA,FAMILIAS,RUA,ESPIRITO SANTO,1059,CENTRO,POINT (611101.488064888 7796582.18928963)
169,264,ASSOCIACAO OASIS DE ASSISTENCIA SOCIAL (INSTITUTO CRISTAO CALVARIO - ICC),SERVICO DE CONVIVENCIA E FORTALECIMENTO DE VINCULOS,SCFV,INDIRETA,CENTRO DE CONVIVENCIA,PROTECAO SOCIAL BASICA,PROTECAO SOCIAL BASICA,FAMILIAS,RUA,DOS SALESIANOS,538,SÃO BERNARDO,POINT (610275.402891629 7805521.16978606)
170,264,ASSOCIACAO OASIS DE ASSISTENCIA SOCIAL (INSTITUTO CRISTAO CALVARIO - ICC),SERVICO DE CONVIVENCIA E FORTALECIMENTO DE VINCULOS,SCFV,INDIRETA,CENTRO DE CONVIVENCIA,PROTECAO SOCIAL BASICA,PROTECAO SOCIAL BASICA,FAMILIAS,RUA,DOS SALESIANOS,528,SÃO BERNARDO,POINT (610260.263521501 7805521.24976978)
171,265,ASSOCIACAO PONTO CULTURAL,SERVICO DE CONVIVENCIA E FORTALECIMENTO DE VINCULOS,SCFV,INDIRETA,CENTRO DE CONVIVENCIA,PROTECAO SOCIAL BASICA,PROTECAO SOCIAL BASICA,FAMILIAS,RUA,GERALDO VASCONCELLOS,485,ESTORIL,POINT (608424.689106153 7792707.64794129)
172,266,ASSOCIACAO PROVIDA OASIS DA IMACULADA,SERVICO DE CONVIVENCIA E FORTALECIMENTO DE VINCULOS,SCFV,INDIRETA,CENTRO DE CONVIVENCIA,PROTECAO SOCIAL BASICA,PROTECAO SOCIAL BASICA,FAMILIAS,PRACA,DOMINGOS GATTI,17,BARREIRO,POINT (603127.830843283 7790769.45245536)
173,267,ASSOCIACAO QUERUBINS,SERVICO DE CONVIVENCIA E FORTALECIMENTO DE VINCULOS,SCFV,INDIRETA,CENTRO DE CONVIVENCIA,PROTECAO SOCIAL BASICA,PROTECAO SOCIAL BASICA,FAMILIAS,RUA,CORREAS,700,MANGABEIRAS,POINT (611877.570438336 7792261.09883506)
174,268,ASSOCIACAO SHEKINAH DE ASSISTENCIA SOCIAL - ASAS - CENTRO INFANTIL CAMINHO DO CEU,SERVICO DE CONVIVENCIA E FORTALECIMENTO DE VINCULOS,SCFV,INDIRETA,CENTRO DE CONVIVENCIA,PROTECAO SOCIAL BASICA,PROTECAO SOCIAL BASICA,FAMILIAS,RUA,ALAIR PEREIRA DA SILVA,205,CONJUNTO TAQUARIL,POINT (617159.73460667 7797026.23890462)
175,269,ASSOCIACAO UNIFICADA DE RECUPERACAO E APOIO - AURA,SERVICO DE CONVIVENCIA E FORTALECIMENTO DE VINCULOS,SCFV,INDIRETA,CENTRO DE CONVIVENCIA,PROTECAO SOCIAL BASICA,PROTECAO SOCIAL BASICA,FAMILIAS,RUA,JOSE LAVARINI,100,PARAÍSO,POINT (614078.509968594 7796604.86467412)
176,270,CASA DO HOMEM DE NAZARE,SERVICO DE CONVIVENCIA E FORTALECIMENTO DE VINCULOS,SCFV,INDIRETA,CENTRO DE CONVIVENCIA,PROTECAO SOCIAL BASICA,PROTECAO SOCIAL BASICA,FAMILIAS,RUA,BONINAS,425,ESPLANADA,POINT (614529.920468733 7798614.79555852)
177,271,JOCUM - CASA ROCHA,SERVICO DE CONVIVENCIA E FORTALECIMENTO DE VINCULOS,SCFV,INDIRETA,CENTRO DE CONVIVENCIA,PROTECAO SOCIAL BASICA,PROTECAO SOCIAL BASICA,FAMILIAS,RUA,MENDES DE OLIVEIRA,397,SANTO ANDRÉ,POINT (609659.72692727 7798907.31601682)
178,272,CENTRO DE APOIO E CONVIVENCIA - CAC,SERVICO DE CONVIVENCIA E FORTALECIMENTO DE VINCULOS,SCFV,INDIRETA,CENTRO DE CONVIVENCIA,PROTECAO SOCIAL BASICA,PROTECAO SOCIAL BASICA,FAMILIAS,RUA,JUSCELINO BARBOSA,30,CALAFATE,POINT (606769.137963473 7796435.47915205)
179,273,CENTRO DE CONVIVENCIA ASSOCIACAO DAS MAES CHEFE DE FAMILIA DO ESTADO DE MINAS GERAIS - ASSMIG,SERVICO DE CONVIVENCIA E FORTALECIMENTO DE VINCULOS,SCFV,INDIRETA,CENTRO DE CONVIVENCIA,PROTECAO SOCIAL BASICA,PROTECAO SOCIAL BASICA,FAMILIAS,AVENIDA,CRISTIANO MACHADO,8821,SÃO BERNARDO,POINT (611511.826014588 7803902.90917832)
180,274,CENTRO DE CONVIVENCIA ASSOCIACAO PROJETO PROVIDENCIA - UNIDADE FAZENDINHA,SERVICO DE CONVIVENCIA E FORTALECIMENTO DE VINCULOS,SCFV,INDIRETA,CENTRO DE CONVIVENCIA,PROTECAO SOCIAL BASICA,PROTECAO SOCIAL BASICA,FAMILIAS,AVENIDA,MEM DE SA,2020,VILA NOVO SÃO LUCAS,POINT (614397.945730776 7795611.07695673)
181,275,CENTRO DE CONVIVENCIA ASSOCIACAO PROJETO PROVIDENCIA - UNIDADE TAQUARIL,SERVICO DE CONVIVENCIA E FORTALECIMENTO DE VINCULOS,SCFV,INDIRETA,CENTRO DE CONVIVENCIA,PROTECAO SOCIAL BASICA,PROTECAO SOCIAL BASICA,FAMILIAS,RUA,ALAIR PEREIRA DA SILVA,100,CONJUNTO TAQUARIL,POINT (617132.778941666 7796863.79197022)
182,276,CENTRO DE CONVIVENCIA ASSOCIACAO PROJETO PROVIDENCIA - UNIDADE VILA MARIA,SERVICO DE CONVIVENCIA E FORTALECIMENTO DE VINCULOS,SCFV,INDIRETA,CENTRO DE CONVIVENCIA,PROTECAO SOCIAL BASICA,PROTECAO SOCIAL BASICA,FAMILIAS,RUA,D,300,VILA MARIA,POINT (616722.770825738 7804450.19777931)
183,277,CENTRO DE CONVIVENCIA CENTRO INFANTO JUVENIL CRESCER SORRINDO,SERVICO DE CONVIVENCIA E FORTALECIMENTO DE VINCULOS,SCFV,INDIRETA,CENTRO DE CONVIVENCIA,PROTECAO SOCIAL BASICA,PROTECAO SOCIAL BASICA,FAMILIAS,RUA,PEPERI,955,NOVA GRANADA,POINT (608130.815461288 7794182.36776634)
184,278,CENTRO DE CONVIVENCIA COOPERACAO PARA O DESENVOLVIMENTO E MORADA HUMANA (CDM),SERVICO DE CONVIVENCIA E FORTALECIMENTO DE VINCULOS,SCFV,INDIRETA,CENTRO DE CONVIVENCIA,PROTECAO SOCIAL BASICA,PROTECAO SOCIAL BASICA,FAMILIAS,RUA,JOVENTINA DA ROCHA,289,HELIÓPOLIS,POINT (611620.465013187 7805460.96204117)
209,303,EDUCANDARIO E CRECHE MENINO JESUS,SERVICO DE CONVIVENCIA E FORTALECIMENTO DE VINCULOS,SCFV,INDIRETA,CENTRO DE CONVIVENCIA,PROTECAO SOCIAL BASICA,PROTECAO SOCIAL BASICA,FAMILIAS,RUA,SAO JOAO NEPOMUCENO,65,ESTRELA,POINT (610830.587342232 7793866.63203344)
210,304,FAMILIA DOWN,SERVICO DE CONVIVENCIA E FORTALECIMENTO DE VINCULOS,SCFV,INDIRETA,CENTRO DE CONVIVENCIA,PROTECAO SOCIAL BASICA,PROTECAO SOCIAL BASICA,FAMILIAS,RUA,DOS GOITACAZES,14,CENTRO,POINT (611231.904338273 7796658.00385779)
211,305,FRATERNIDADE ESPIRITUAL CRISTA OBREIROS DA VIDA ETERNA – FECOVE,SERVICO DE CONVIVENCIA E FORTALECIMENTO DE VINCULOS,SCFV,INDIRETA,CENTRO DE CONVIVENCIA,PROTECAO SOCIAL BASICA,PROTECAO SOCIAL BASICA,FAMILIAS,RUA,DOS GOITACAZES,14,CENTRO,POINT (611231.904338273 7796658.00385779)
212,306,FUNDACAO GUMARAES ROSA,SERVICO DE CONVIVENCIA E FORTALECIMENTO DE VINCULOS,SCFV,INDIRETA,CENTRO DE CONVIVENCIA,PROTECAO SOCIAL BASICA,PROTECAO SOCIAL BASICA,FAMILIAS,RUA,JOAO EVANGELISTA PINHEIRO,342,SANTA LÚCIA,POINT (610293.131456865 7792928.69294822)
213,307,FUNDACAO METODISTA DE ACAO SOCIAL E CULTURAL,SERVICO DE CONVIVENCIA E FORTALECIMENTO DE VINCULOS,SCFV,INDIRETA,CENTRO DE CONVIVENCIA,PROTECAO SOCIAL BASICA,PROTECAO SOCIAL BASICA,FAMILIAS,RUA,PARAIBA,1441,SAVASSI,POINT (611530.807948157 7794914.78868419)
214,308,FUNDACAO VICINTIN,SERVICO DE CONVIVENCIA E FORTALECIMENTO DE VINCULOS,SCFV,INDIRETA,CENTRO DE CONVIVENCIA,PROTECAO SOCIAL BASICA,PROTECAO SOCIAL BASICA,FAMILIAS,RUA,CURIMATA,300,SÃO GABRIEL,POINT (614006.878319195 7804446.9484407)
215,309,FUNDACAO WALDOMIRO LOBO,SERVICO DE CONVIVENCIA E FORTALECIMENTO DE VINCULOS,SCFV,INDIRETA,CENTRO DE CONVIVENCIA,PROTECAO SOCIAL BASICA,PROTECAO SOCIAL BASICA,FAMILIAS,RODOVIA,ANEL RODOVIARIO CELSO MELLO AZEVEDO,14467,JARDIM ALVORADA,POINT (606495.095574141 7799315.22298854)
216,310,GRUPO DA FRATERNIDADE ESPIRITA IRMA SCHEILLA,SERVICO DE CONVIVENCIA E FORTALECIMENTO DE VINCULOS,SCFV,INDIRETA,CENTRO DE CONVIVENCIA,PROTECAO SOCIAL BASICA,PROTECAO SOCIAL BASICA,FAMILIAS,RUA,GONCALVES DIAS,229,FUNCIONÁRIOS,POINT (612275.811734454 7795485.82245192)
217,311,GRUPO DE APOIO A CRIANCA E AO ADOLESCENTE DA CABANA E REGIAO,SERVICO DE CONVIVENCIA E FORTALECIMENTO DE VINCULOS,SCFV,INDIRETA,CENTRO DE CONVIVENCIA,PROTECAO SOCIAL BASICA,PROTECAO SOCIAL BASICA,FAMILIAS,RUA,RIO PARDO,120,SANTA EFIGÊNIA,POINT (614032.638336776 7796441.90784351)
218,312,GRUPO DE APOIO SOCIAL SOLIDARIEDADE - GASS,SERVICO DE CONVIVENCIA E FORTALECIMENTO DE VINCULOS,SCFV,INDIRETA,CENTRO DE CONVIVENCIA,PROTECAO SOCIAL BASICA,PROTECAO SOCIAL BASICA,FAMILIAS,RUA,SETE DE SETEMBRO,405,CABANA DO PAI TOMÁS,POINT (604524.850029751 7794226.14885483)
219,313,GRUPO DE EDUCACAO DESENVOLVIMENTO E APOIO AO MENOR - GEDAM,SERVICO DE CONVIVENCIA E FORTALECIMENTO DE VINCULOS,SCFV,INDIRETA,CENTRO DE CONVIVENCIA,PROTECAO SOCIAL BASICA,PROTECAO SOCIAL BASICA,FAMILIAS,RUA,CONSELHEIRO ROCHA,2300,SANTA TEREZA,POINT (612811.17317537 7797101.49358675)
220,314,GRUPO DE PAIS DOS EDUCANDOS DO CIAME FLAMENGO,SERVICO DE CONVIVENCIA E FORTALECIMENTO DE VINCULOS,SCFV,INDIRETA,CENTRO DE CONVIVENCIA,PROTECAO SOCIAL BASICA,PROTECAO SOCIAL BASICA,FAMILIAS,RUA,DO GROTAO,7,HAVAÍ,POINT (607485.817274613 7793275.1224335)
221,315,INSPETORIA SAO JOAO BOSCO - CENTRO DE CONVIVENCIA INSPETORIA SAO JOAO BOSCO - CENTRO JUVENIL DOM BOSCO,SERVICO DE CONVIVENCIA E FORTALECIMENTO DE VINCULOS,SCFV,INDIRETA,CENTRO DE CONVIVENCIA,PROTECAO SOCIAL BASICA,PROTECAO SOCIAL BASICA,FAMILIAS,RUA,DESEMBARGADOR BRAULIO,978,ALTO VERA CRUZ,POINT (616143.104463419 7798078.92463349)
222,316,INSTITUICAO BENEFICENTE MARTIM LUTERO (CENTRO INTEGRACAO MARTINHO) - CENTRO DE CONVIVENCIA INSTITUICAO BENEFICENTE MARTIM LUTERO - CENTRO DE INTEGRAÇÃO MARTINHO - CIM,SERVICO DE CONVIVENCIA E FORTALECIMENTO DE VINCULOS,SCFV,INDIRETA,CENTRO DE CONVIVENCIA,PROTECAO SOCIAL BASICA,PROTECAO SOCIAL BASICA,FAMILIAS,AVENIDA,TRINTA E UM DE MARCO,435,CORAÇÃO EUCARÍSTICO,POINT (605141.903050107 7796819.78092854)
223,317,INSTITUTO BH FUTURO,SERVICO DE CONVIVENCIA E FORTALECIMENTO DE VINCULOS,SCFV,INDIRETA,CENTRO DE CONVIVENCIA,PROTECAO SOCIAL BASICA,PROTECAO SOCIAL BASICA,FAMILIAS,RUA,DONA SALVADORA,37,SERRA,POINT (612947.501719115 7794865.67868039)
224,318,INSTITUTO CULTURAL ESPORTIVO E SOCIAL BACANA DEMAIS ICESBADE OU ICES BADE,SERVICO DE CONVIVENCIA E FORTALECIMENTO DE VINCULOS,SCFV,INDIRETA,CENTRO DE CONVIVENCIA,PROTECAO SOCIAL BASICA,PROTECAO SOCIAL BASICA,FAMILIAS,RUA,DESEMBARGADOR MARIO MATTOS,578,SERRA,POINT (613851.411170839 7794830.07592722)
225,319,INSTITUTO DOS MISSIONARIOS SACRAMENTINOS DE NOSSA SENHORA - FRATER ELCIO GORINI,SERVICO DE CONVIVENCIA E FORTALECIMENTO DE VINCULOS,SCFV,INDIRETA,CENTRO DE CONVIVENCIA,PROTECAO SOCIAL BASICA,PROTECAO SOCIAL BASICA,FAMILIAS,RUA,GUANABARA,323,CONCÓRDIA,POINT (611357.579251187 7799050.64684225)
226,320,INSTITUTO EDUCACIONAL ASSISTENCIAL NOSSA SENHORA DAS NEVES - IEDUCAN,SERVICO DE CONVIVENCIA E FORTALECIMENTO DE VINCULOS,SCFV,INDIRETA,CENTRO DE CONVIVENCIA,PROTECAO SOCIAL BASICA,PROTECAO SOCIAL BASICA,FAMILIAS,RUA,FRANCISCO SPINO,235,SÃO BERNARDO,POINT (610605.681939059 7805219.03128548)
227,321,INSTITUTO ESPIRITA EURIPEDES,SERVICO DE CONVIVENCIA E FORTALECIMENTO DE VINCULOS,SCFV,INDIRETA,CENTRO DE CONVIVENCIA,PROTECAO SOCIAL BASICA,PROTECAO SOCIAL BASICA,FAMILIAS,RODOVIA,ANEL RODOVIARIO CELSO MELLO AZEVEDO,480,JARDIM SÃO JOSÉ,POINT (605823.257164283 7798666.82496808)
228,322,INSTITUTO HERDEIROS DE DEUS,SERVICO DE CONVIVENCIA E FORTALECIMENTO DE VINCULOS,SCFV,INDIRETA,CENTRO DE CONVIVENCIA,PROTECAO SOCIAL BASICA,PROTECAO SOCIAL BASICA,FAMILIAS,RUA,TABOAO DA SERRA,235,ITAIPU,POINT (599399.513574082 7788800.34326183)
229,323,INSTITUTO JURIDICO PARA EFETIVACAO DA CIDADANIA - AVANTE SOCIAL (ANTIGO IJUCI/MG - INSTITUTO BOLA DE GUDE),SERVICO DE CONVIVENCIA E FORTALECIMENTO DE VINCULOS,SCFV,INDIRETA,CENTRO DE CONVIVENCIA,PROTECAO SOCIAL BASICA,PROTECAO SOCIAL BASICA,FAMILIAS,RUA,PEDRA NEGRA,33,SÃO GABRIEL,POINT (614015.297326222 7803893.55108313)
230,324,INSTITUTO PEDRA VIVA,SERVICO DE CONVIVENCIA E FORTALECIMENTO DE VINCULOS,SCFV,INDIRETA,CENTRO DE CONVIVENCIA,PROTECAO SOCIAL BASICA,PROTECAO SOCIAL BASICA,FAMILIAS,AVENIDA,AUGUSTO DE LIMA,8,CENTRO,POINT (611286.343402315 7796511.45368766)
231,325,INSTITUTO SEVERINO BALLESTEROS - INSTITUTO BOM ALUNO,SERVICO DE CONVIVENCIA E FORTALECIMENTO DE VINCULOS,SCFV,INDIRETA,CENTRO DE CONVIVENCIA,PROTECAO SOCIAL BASICA,PROTECAO SOCIAL BASICA,FAMILIAS,RUA,ITAPECERICA,951,LAGOINHA,POINT (610263.586596753 7798588.49091275)
232,326,INSTITUTO UNDIO,SERVICO DE CONVIVENCIA E FORTALECIMENTO DE VINCULOS,SCFV,INDIRETA,CENTRO DE CONVIVENCIA,PROTECAO SOCIAL BASICA,PROTECAO SOCIAL BASICA,FAMILIAS,AVENIDA,BRASIL,295,SANTA EFIGÊNIA,POINT (612739.393100773 7796445.06720043)
233,327,LAR FABIANO DE CRISTO - CASA DE ALMIRO,SERVICO DE CONVIVENCIA E FORTALECIMENTO DE VINCULOS,SCFV,INDIRETA,CENTRO DE CONVIVENCIA,PROTECAO SOCIAL BASICA,PROTECAO SOCIAL BASICA,FAMILIAS,RUA,PADRE BELCHIOR,272,CENTRO,POINT (610749.291563318 7796685.22831633)
234,328,LAR DOS MENINOS DOM ORIONE ; CENTRO DE CONVIVENCIA LAR DOS MENINOS DOM ORIONE,SERVICO DE CONVIVENCIA E FORTALECIMENTO DE VINCULOS,SCFV,INDIRETA,CENTRO DE CONVIVENCIA,PROTECAO SOCIAL BASICA,PROTECAO SOCIAL BASICA,FAMILIAS,RUA,CAETANO PIRRI,930,MILIONÁRIOS,POINT (604493.227216876 7790303.3773236)
235,329,LEGIAO DA BOA VONTADE - LBV (CENTRO COMUNITARIO DE ASSISTENCIA SOCIAL),SERVICO DE CONVIVENCIA E FORTALECIMENTO DE VINCULOS,SCFV,INDIRETA,CENTRO DE CONVIVENCIA,PROTECAO SOCIAL BASICA,PROTECAO SOCIAL BASICA,FAMILIAS,AVENIDA,DOM ORIONE,187,SÃO LUÍZ,POINT (607015.012548691 7803231.68580389)
236,330,MOVIMENTO FAMILIAR CRISTAO DE BELO HORIZONTE,SERVICO DE CONVIVENCIA E FORTALECIMENTO DE VINCULOS,SCFV,INDIRETA,CENTRO DE CONVIVENCIA,PROTECAO SOCIAL BASICA,PROTECAO SOCIAL BASICA,FAMILIAS,AVENIDA,CRISTIANO MACHADO,10727,PLANALTO,POINT (610797.917307131 7806997.19934452)
237,331,NUCLEO ASSISTENCIAL CAMINHOS PARA JESUS,SERVICO DE CONVIVENCIA E FORTALECIMENTO DE VINCULOS,SCFV,INDIRETA,CENTRO DE CONVIVENCIA,PROTECAO SOCIAL BASICA,PROTECAO SOCIAL BASICA,FAMILIAS,AVENIDA,AMAZONAS,3984,PRADO,POINT (607773.176702484 7795853.44762288)
238,332,NUCLEO DE PROMOCAO HUMANA VINHA DE LUZ,SERVICO DE CONVIVENCIA E FORTALECIMENTO DE VINCULOS,SCFV,INDIRETA,CENTRO DE CONVIVENCIA,PROTECAO SOCIAL BASICA,PROTECAO SOCIAL BASICA,FAMILIAS,RUA,JOSE FERREIRA MAGALHAES,354,FLORAMAR,POINT (611882.773566086 7806460.54857823)
239,333,NUCLEO DE TRABALHO E INTEGRACAO SOCIAL,SERVICO DE CONVIVENCIA E FORTALECIMENTO DE VINCULOS,SCFV,INDIRETA,CENTRO DE CONVIVENCIA,PROTECAO SOCIAL BASICA,PROTECAO SOCIAL BASICA,FAMILIAS,RUA,REIS DE ABREU,110,APARECIDA SÉTIMA SEÇÃO,POINT (608423.114149892 7800438.49434991)
240,334,CENTRO DE CONVIVENCIA CENTRO PASTORAL SANTO ARNALDO JANSSEN - OBRA SOCIAL DA PAROQUIA SAO GABRIEL,SERVICO DE CONVIVENCIA E FORTALECIMENTO DE VINCULOS,SCFV,INDIRETA,CENTRO DE CONVIVENCIA,PROTECAO SOCIAL BASICA,PROTECAO SOCIAL BASICA,FAMILIAS,RUA,MADRE ISABEL TEJERO,100,MARIANO DE ABREU,POINT (616182.97312059 7799857.78255212)
241,335,OBRAS EDUCATIVAS JARDIM FELICIDADE - CENTRO ALVORADA,SERVICO DE CONVIVENCIA E FORTALECIMENTO DE VINCULOS,SCFV,INDIRETA,CENTRO DE CONVIVENCIA,PROTECAO SOCIAL BASICA,PROTECAO SOCIAL BASICA,FAMILIAS,RUA,FRANCISCO SERRAO,45,TAQUARIL,POINT (616900.914045908 7797343.0644157)
242,336,OBRAS SOCIAIS DA COMUNIDADE SANTA EFIGENIA - OSCOSE,SERVICO DE CONVIVENCIA E FORTALECIMENTO DE VINCULOS,SCFV,INDIRETA,CENTRO DE CONVIVENCIA,PROTECAO SOCIAL BASICA,PROTECAO SOCIAL BASICA,FAMILIAS,RUA,PROFESSORA GABRIELA VARELA,580,JARDIM FELICIDADE,POINT (611884.505193388 7806859.31740999)
243,337,OBRAS SOCIAIS DA PAMPULHA,SERVICO DE CONVIVENCIA E FORTALECIMENTO DE VINCULOS,SCFV,INDIRETA,CENTRO DE CONVIVENCIA,PROTECAO SOCIAL BASICA,PROTECAO SOCIAL BASICA,FAMILIAS,AVENIDA,EXPEDICIONARIO BENVINDO BELEM DE LIMA,730,SÃO LUÍZ,POINT (606938.787964019 7802685.94688746)
244,338,OBRAS SOCIAIS DA PAROQUIA SANTO INACIO DE LOYOLA (RECANTO DO MENOR),SERVICO DE CONVIVENCIA E FORTALECIMENTO DE VINCULOS,SCFV,INDIRETA,CENTRO DE CONVIVENCIA,PROTECAO SOCIAL BASICA,PROTECAO SOCIAL BASICA,FAMILIAS,AVENIDA,EXPEDICIONARIO BENVINDO BELEM DE LIMA,730,SÃO LUÍZ,POINT (606938.787964019 7802685.94688746)
245,339,ORGANIZACAO EDUCACIONAL JOAO XXIII,SERVICO DE CONVIVENCIA E FORTALECIMENTO DE VINCULOS,SCFV,INDIRETA,CENTRO DE CONVIVENCIA,PROTECAO SOCIAL BASICA,PROTECAO SOCIAL BASICA,FAMILIAS,RUA,TENENTE RENATO CESAR,53,CIDADE JARDIM,POINT (610114.006981224 7795118.30725857)
246,340,ORQUESTRA ESCOLA CRIARTE,SERVICO DE CONVIVENCIA E FORTALECIMENTO DE VINCULOS,SCFV,INDIRETA,CENTRO DE CONVIVENCIA,PROTECAO SOCIAL BASICA,PROTECAO SOCIAL BASICA,FAMILIAS,RUA,VISCONDE DE CAIRU,75,MADRE GERTRUDES,POINT (603985.143028891 7794022.51030487)
247,341,PEQUENO CENTRO DE SOLIDARIEDADE BETTINA,SERVICO DE CONVIVENCIA E FORTALECIMENTO DE VINCULOS,SCFV,INDIRETA,CENTRO DE CONVIVENCIA,PROTECAO SOCIAL BASICA,PROTECAO SOCIAL BASICA,FAMILIAS,RUA,MARECHAL FALCONIERE,483,EUROPA,POINT (608180.546148237 7810140.44954506)
248,342,PROVIDENS - ACAO SOCIAL ARQUIDIOCESANA,SERVICO DE CONVIVENCIA E FORTALECIMENTO DE VINCULOS,SCFV,INDIRETA,CENTRO DE CONVIVENCIA,PROTECAO SOCIAL BASICA,PROTECAO SOCIAL BASICA,FAMILIAS,RUA,IRACEMA SOUZA PINTO,5,PLANALTO,POINT (610299.587952949 7805900.29261671)
249,343,PROVINCIA CARMELITANA DE SANTO ELIAS - COMUNIDADE CARMELITANA - PROJETO CONVIVER,SERVICO DE CONVIVENCIA E FORTALECIMENTO DE VINCULOS,SCFV,INDIRETA,CENTRO DE CONVIVENCIA,PROTECAO SOCIAL BASICA,PROTECAO SOCIAL BASICA,FAMILIAS,RUA,GRAO MOGOL,502,CARMO,POINT (611618.354077047 7794292.58533188)
250,344,SOCIEDADE ARTISTICA MIRIM DE BELO HORIZONTE - PROJETO CARIUNAS,SERVICO DE CONVIVENCIA E FORTALECIMENTO DE VINCULOS,SCFV,INDIRETA,CENTRO DE CONVIVENCIA,PROTECAO SOCIAL BASICA,PROTECAO SOCIAL BASICA,FAMILIAS,RUA,GRAO MOGOL,502,CARMO,POINT (611618.354077047 7794292.58533188)
251,345,SOCIEDADE CIVIL CASAS DE EDUCACAO,SERVICO DE CONVIVENCIA E FORTALECIMENTO DE VINCULOS,SCFV,INDIRETA,CENTRO DE CONVIVENCIA,PROTECAO SOCIAL BASICA,PROTECAO SOCIAL BASICA,FAMILIAS,RUA,LUIZ DE MELLO MATTOS,175,PLANALTO,POINT (610535.526295789 7805976.86703021)
252,346,SOCIEDADE COMUNITARIA SOCIAL CULTURAL ASSISTENCIAL DO BAIRRO E VILA VISTA ALEGRE E ADJACENCIA,SERVICO DE CONVIVENCIA E FORTALECIMENTO DE VINCULOS,SCFV,INDIRETA,CENTRO DE CONVIVENCIA,PROTECAO SOCIAL BASICA,PROTECAO SOCIAL BASICA,FAMILIAS,RUA,CURA D'ARS,62,PRADO,POINT (608503.222527227 7796693.48663538)
253,347,SOCIEDADE DO SANTO ROSARIO,SERVICO DE CONVIVENCIA E FORTALECIMENTO DE VINCULOS,SCFV,INDIRETA,CENTRO DE CONVIVENCIA,PROTECAO SOCIAL BASICA,PROTECAO SOCIAL BASICA,FAMILIAS,AVENIDA,PADRE JOSE MAURICIO,1215,VISTA ALEGRE,POINT (604745.071793363 7793092.58958753)
254,348,SOCIEDADE EUNICE WEAVER DE BELO HORIZONTE - PROJETO PUPILEIRA SANTA TEREZA - PUPILEIRO HORTO NAO VIA RESPONDER,SERVICO DE CONVIVENCIA E FORTALECIMENTO DE VINCULOS,SCFV,INDIRETA,CENTRO DE CONVIVENCIA,PROTECAO SOCIAL BASICA,PROTECAO SOCIAL BASICA,FAMILIAS,RUA,JACUI,260,FLORESTA,POINT (611763.687082764 7798009.97866724)
255,349,TERRA DA SOBRIEDADE - ASSOCIAÇÃO DE ATENCAO A DEPENDENCIA QUIMICA,SERVICO DE CONVIVENCIA E FORTALECIMENTO DE VINCULOS,SCFV,INDIRETA,CENTRO DE CONVIVENCIA,PROTECAO SOCIAL BASICA,PROTECAO SOCIAL BASICA,FAMILIAS,RUA,SAO JOAQUIM,1177,SAGRADA FAMÍLIA,POINT (613502.100714773 7799353.75514543)
256,350,UNIAO DOS PARAPLEGICOS DE BH – UNIPABE,SERVICO DE CONVIVENCIA E FORTALECIMENTO DE VINCULOS,SCFV,INDIRETA,CENTRO DE CONVIVENCIA,PROTECAO SOCIAL BASICA,PROTECAO SOCIAL BASICA,FAMILIAS,RUA,DAS PEDRINHAS,342,SÃO JOÃO BATISTA,POINT (609512.060347618 7807832.92923413)
20,114,CENTRO DE REFERENCIA DE ASSISTENCIA SOCIAL SANTA ROSA,CENTRO DE REFERENCIA DE ASSISTENCIA SOCIAL,CRAS ,DIRETA,PROTECAO E ATENDIMENTO INTEGRAL A FAMILIA (PAIF),PROTECAO SOCIAL BASICA,PROTECAO SOCIAL BASICA,FAMILIAS,RUA,MAJOR DELFINO DE PAULA,2553,SÃO FRANCISCO,POINT (608952.324190963 7801335.02186434)
23,117,CENTRO DE REFERENCIA DE ASSISTENCIA SOCIAL VILA ANTENA,CENTRO DE REFERENCIA DE ASSISTENCIA SOCIAL,CRAS ,DIRETA,PROTECAO E ATENDIMENTO INTEGRAL A FAMILIA (PAIF),PROTECAO SOCIAL BASICA,PROTECAO SOCIAL BASICA,FAMILIAS,RUA,CENTRAL,78,VILA ANTENA,POINT (608540.823577217 7793828.85972188)
25,119,CENTRO DE REFERENCIA DE ASSISTENCIA SOCIAL VILA BIQUINHAS,CENTRO DE REFERENCIA DE ASSISTENCIA SOCIAL,CRAS ,DIRETA,PROTECAO E ATENDIMENTO INTEGRAL A FAMILIA (PAIF),PROTECAO SOCIAL BASICA,PROTECAO SOCIAL BASICA,FAMILIAS,RUA,CORONEL JOAQUIM TIBURCIO,850,HELIÓPOLIS,POINT (610968.218729376 7805602.183296)
28,122,CENTRO DE REFERENCIA DE ASSISTENCIA SOCIAL VILA NOSSA SENHORA DE FATIMA,CENTRO DE REFERENCIA DE ASSISTENCIA SOCIAL,CRAS ,DIRETA,PROTECAO E ATENDIMENTO INTEGRAL A FAMILIA (PAIF),PROTECAO SOCIAL BASICA,PROTECAO SOCIAL BASICA,FAMILIAS,BECO,DONA BENTA,145,NOSSA SENHORA DE FÁTIMA,POINT (614665.993391305 7795403.51920451)
32,126,CENTRO DE REFERENCIA DE ASSISTENCIA SOCIAL VILA SAO JOSE,CENTRO DE REFERENCIA DE ASSISTENCIA SOCIAL,CRAS ,DIRETA,PROTECAO E ATENDIMENTO INTEGRAL A FAMILIA (PAIF),PROTECAO SOCIAL BASICA,PROTECAO SOCIAL BASICA,FAMILIAS,RUA,JOAQUIM JOSE RIBEIRO,50,VILA JARDIM SÃO JOSÉ,POINT (605146.413526937 7799258.49453545)
35,129,CENTRO DE REFERENCIA DE ASSISTENCIA SOCIAL ZILAH SPOSITO,CENTRO DE REFERENCIA DE ASSISTENCIA SOCIAL,CRAS ,DIRETA,PROTECAO E ATENDIMENTO INTEGRAL A FAMILIA (PAIF),PROTECAO SOCIAL BASICA,PROTECAO SOCIAL BASICA,FAMILIAS,RUA,COQUILHO,75,JAQUELINE,POINT (612271.210553337 7809756.62767089)
37,131,CENTRO DE REFERENCIA ESPECIALIZADO DE ASSISTENCIA SOCIAL CENTRO SUL,CENTRO DE REFERENCIA ESPECIALIZADO DE ASSISTENCIA SOCIAL,CREAS ,DIRETA,PROTECAO E ATENDIMENTO ESPECIALIZADO A FAMILIAS E INDIVIDUOS (PAEFI),PROTECAO SOCIAL ESPECIAL DE MEDIA COMPLEXIDADE,PROTECAO SOCIAL ESPECIAL DE MEDIA COMPLEXIDADE,FAMILIAS E INDIVIDUOS,AVENIDA,AFONSO PENA,941,CENTRO,POINT Z (611246.801331222 7796902.62609077 0)
40,134,CENTRO DE REFERENCIA ESPECIALIZADO DE ASSISTENCIA SOCIAL NOROESTE,CENTRO DE REFERENCIA ESPECIALIZADO DE ASSISTENCIA SOCIAL,CREAS ,DIRETA,PROTECAO E ATENDIMENTO ESPECIALIZADO A FAMILIAS E INDIVIDUOS (PAEFI),PROTECAO SOCIAL ESPECIAL DE MEDIA COMPLEXIDADE,PROTECAO SOCIAL ESPECIAL DE MEDIA COMPLEXIDADE,FAMILIAS E INDIVIDUOS,RUA,PECANHA,144,CARLOS PRATES,POINT (610270.826448044 7797707.0003376)
42,136,CENTRO DE REFERENCIA ESPECIALIZADO DE ASSISTENCIA SOCIAL OESTE,CENTRO DE REFERENCIA ESPECIALIZADO DE ASSISTENCIA SOCIAL,CREAS ,DIRETA,PROTECAO E ATENDIMENTO ESPECIALIZADO A FAMILIAS E INDIVIDUOS (PAEFI),PROTECAO SOCIAL ESPECIAL DE MEDIA COMPLEXIDADE,PROTECAO SOCIAL ESPECIAL DE MEDIA COMPLEXIDADE,FAMILIAS E INDIVIDUOS,AVENIDA,SILVA LOBO,1280,NOVA GRANADA,POINT (607677.376483453 7795303.57954694)
41,135,CENTRO DE REFERENCIA ESPECIALIZADO DE ASSISTENCIA SOCIAL NORTE,CENTRO DE REFERENCIA ESPECIALIZADO DE ASSISTENCIA SOCIAL,CREAS ,DIRETA,PROTECAO E ATENDIMENTO ESPECIALIZADO A FAMILIAS E INDIVIDUOS (PAEFI),PROTECAO SOCIAL ESPECIAL DE MEDIA COMPLEXIDADE,PROTECAO SOCIAL ESPECIAL DE MEDIA COMPLEXIDADE,FAMILIAS E INDIVIDUOS,RUA,PASTOR MURYLLO CASSETE,20,SÃO BERNARDO,POINT (611566.397012139 7804775.21162368)
185,279,CENTRO DE CONVIVENCIA CRECHE DAS ROSINHAS,SERVICO DE CONVIVENCIA E FORTALECIMENTO DE VINCULOS,SCFV,INDIRETA,CENTRO DE CONVIVENCIA,PROTECAO SOCIAL BASICA,PROTECAO SOCIAL BASICA,FAMILIAS,RUA,POUSO ALTO,215,SÃO LUCAS,POINT (612810.595966269 7795625.58400386)
186,280,CENTRO DE CONVIVENCIA FUNDACAO ESPIRITA CARITA,SERVICO DE CONVIVENCIA E FORTALECIMENTO DE VINCULOS,SCFV,INDIRETA,CENTRO DE CONVIVENCIA,PROTECAO SOCIAL BASICA,PROTECAO SOCIAL BASICA,FAMILIAS,RUA,SENHORA DAS GRACAS,51,CRUZEIRO,POINT (612057.379319054 7794557.00151073)
187,281,CENTRO DE CONVIVENCIA GRUPO DE DESENVOLVIMENTO COMUNITARIO - GDECOM,SERVICO DE CONVIVENCIA E FORTALECIMENTO DE VINCULOS,SCFV,INDIRETA,CENTRO DE CONVIVENCIA,PROTECAO SOCIAL BASICA,PROTECAO SOCIAL BASICA,FAMILIAS,RUA,CRISTAL,16,VILA DIAS,POINT (612732.194478703 7797100.52378415)
188,282,CENTRO DE CONVIVENCIA INSTITUTO EDUCACIONAL SAO JOAO BATISTA,SERVICO DE CONVIVENCIA E FORTALECIMENTO DE VINCULOS,SCFV,INDIRETA,CENTRO DE CONVIVENCIA,PROTECAO SOCIAL BASICA,PROTECAO SOCIAL BASICA,FAMILIAS,RUA,CAJUI,100,SUZANA,POINT (611766.094869298 7803126.74716385)
189,283,CENTRO DE CONVIVENCIA JOVENS COM UMA MISSAO (JOCUM) - CENTRO COMUNITARIO LUZEIRO,SERVICO DE CONVIVENCIA E FORTALECIMENTO DE VINCULOS,SCFV,INDIRETA,CENTRO DE CONVIVENCIA,PROTECAO SOCIAL BASICA,PROTECAO SOCIAL BASICA,FAMILIAS,RUA,CELIO DE CASTRO,467,COLÉGIO BATISTA,POINT (611519.049374191 7797875.41605707)
190,284,CENTRO DE CONVIVENCIA LEGIAO DA BOA VONTADE - LBV,SERVICO DE CONVIVENCIA E FORTALECIMENTO DE VINCULOS,SCFV,INDIRETA,CENTRO DE CONVIVENCIA,PROTECAO SOCIAL BASICA,PROTECAO SOCIAL BASICA,FAMILIAS,RUA,ITAJUBA,237,FLORESTA,POINT (611932.949528627 7797634.6750592)
191,285,CENTRO DE CONVIVENCIA NUCLEO DE TRABALHO E INTEGRACAO SOCIAL (NUTRIS),SERVICO DE CONVIVENCIA E FORTALECIMENTO DE VINCULOS,SCFV,INDIRETA,CENTRO DE CONVIVENCIA,PROTECAO SOCIAL BASICA,PROTECAO SOCIAL BASICA,FAMILIAS,AVENIDA,CRISTIANO MACHADO,10691,PLANALTO,POINT (610825.656327343 7806939.56107663)
192,286,CENTRO DE CONVIVENCIA OBRA SOCIAL ITAKA ESCOLAPIOS BH,SERVICO DE CONVIVENCIA E FORTALECIMENTO DE VINCULOS,SCFV,INDIRETA,CENTRO DE CONVIVENCIA,PROTECAO SOCIAL BASICA,PROTECAO SOCIAL BASICA,FAMILIAS,RUA,MADRE ISABEL TEJERO,100,MARIANO DE ABREU,POINT (616182.97312059 7799857.78255212)
193,287,CENTRO DE CONVIVENCIA PROJETO VIDA PADRE GAILHAC BELO HORIZONTE,SERVICO DE CONVIVENCIA E FORTALECIMENTO DE VINCULOS,SCFV,INDIRETA,CENTRO DE CONVIVENCIA,PROTECAO SOCIAL BASICA,PROTECAO SOCIAL BASICA,FAMILIAS,RUA,DOS COQUEIROS,205,MARIA GORETTI,POINT (614441.492034503 7803530.31501878)
194,288,CENTRO DE DESENVOLVIMENTO COMUNITARIO VILA LEONINA (PROJETO RECONSTRUIR),SERVICO DE CONVIVENCIA E FORTALECIMENTO DE VINCULOS,SCFV,INDIRETA,CENTRO DE CONVIVENCIA,PROTECAO SOCIAL BASICA,PROTECAO SOCIAL BASICA,FAMILIAS,RUA,EVELINA FERREIRA,129,LAGOA,POINT (604824.611207442 7809467.39654304)
195,289,CENTRO DE PROMOCAO E ASSISTENCIA SOCIAL ANA BERNARDINA - CASA DA SOPA,SERVICO DE CONVIVENCIA E FORTALECIMENTO DE VINCULOS,SCFV,INDIRETA,CENTRO DE CONVIVENCIA,PROTECAO SOCIAL BASICA,PROTECAO SOCIAL BASICA,FAMILIAS,RUA,ONZE DE AGOSTO,165,ALPES,POINT (608178.097132482 7793153.54717979)
196,290,CENTRO NACIONAL DE APRENDIZAGEM PROFISSIONAL - CENAP,SERVICO DE CONVIVENCIA E FORTALECIMENTO DE VINCULOS,SCFV,INDIRETA,CENTRO DE CONVIVENCIA,PROTECAO SOCIAL BASICA,PROTECAO SOCIAL BASICA,FAMILIAS,RUA,TRINTA E CINCO,83,NOVO AARÃO REIS,POINT (613887.734114963 7805417.46089571)
197,291,CENTRO SOCIAL DE APOIO A CRIANCA E AO ADOLESCENTE DO CONJUNTO PAULO VI,SERVICO DE CONVIVENCIA E FORTALECIMENTO DE VINCULOS,SCFV,INDIRETA,CENTRO DE CONVIVENCIA,PROTECAO SOCIAL BASICA,PROTECAO SOCIAL BASICA,FAMILIAS,RUA,LUIZ FERNANDO,555,RIO BRANCO,POINT (606612.763772245 7808437.50617424)
198,292,COMUNIDADE KOLPING PADRE TEODORO DA VILA BELEM,SERVICO DE CONVIVENCIA E FORTALECIMENTO DE VINCULOS,SCFV,INDIRETA,CENTRO DE CONVIVENCIA,PROTECAO SOCIAL BASICA,PROTECAO SOCIAL BASICA,FAMILIAS,BECO,PACO DA LIBERDADE,2,CONJUNTO PAULO VI,POINT (616412.487950724 7806692.88128758)
199,293,COMUNIDADE MISSIONARIA DE VILLAREGIA - CMV ; COMI - CENTRO CULTURAL E ESPORTIVO BETANIA ; CENTRO DE CONVIVENCIA COMUNIDADE MISSIONARIA DE VILLAREGIA - CMV - CENTRO DE ACOLHIDA BETANIA,SERVICO DE CONVIVENCIA E FORTALECIMENTO DE VINCULOS,SCFV,INDIRETA,CENTRO DE CONVIVENCIA,PROTECAO SOCIAL BASICA,PROTECAO SOCIAL BASICA,FAMILIAS,RUA,BARBOSA,355,SÃO SALVADOR,POINT (602765.615640894 7799907.41245009)
200,294,CENTRO DE CONVIVENCIA COMISSAO FE E ESPERANCA DA VILA PINHO,SERVICO DE CONVIVENCIA E FORTALECIMENTO DE VINCULOS,SCFV,INDIRETA,CENTRO DE CONVIVENCIA,PROTECAO SOCIAL BASICA,PROTECAO SOCIAL BASICA,FAMILIAS,RUA,DAS CANOAS,461,ESTRELA DO ORIENTE,POINT (605778.647146642 7792477.70474556)
201,295,CONGREGACAO DAS IRMAZINHAS DA IMACULADA CONCEICAO - CIIC - CENTRO DE ASSISTENCIA SOCIAL TECENDO A VIDA,SERVICO DE CONVIVENCIA E FORTALECIMENTO DE VINCULOS,SCFV,INDIRETA,CENTRO DE CONVIVENCIA,PROTECAO SOCIAL BASICA,PROTECAO SOCIAL BASICA,FAMILIAS,RUA,TEREZINHA VIANA DE ASSIS,184,VILA PINHO,POINT (602101.173753369 7788104.68486108)
202,296,CONGREGACAO DE SAO JOAO BATISTA INSTITUTO EDUCACIONAL SAO JOAO BATISTA,SERVICO DE CONVIVENCIA E FORTALECIMENTO DE VINCULOS,SCFV,INDIRETA,CENTRO DE CONVIVENCIA,PROTECAO SOCIAL BASICA,PROTECAO SOCIAL BASICA,FAMILIAS,RUA,JOHNSON,200,UNIÃO,POINT (612723.552833881 7801249.78921319)
203,297,CONGREGACAO REDENTORISTA OBRA SOCIAL SAO JOSE - UNIDADE CENTRO,SERVICO DE CONVIVENCIA E FORTALECIMENTO DE VINCULOS,SCFV,INDIRETA,CENTRO DE CONVIVENCIA,PROTECAO SOCIAL BASICA,PROTECAO SOCIAL BASICA,FAMILIAS,RUA,CELIO DE CASTRO,467,COLÉGIO BATISTA,POINT (611519.049374191 7797875.41605707)
204,298,CORPO CIDADAO,SERVICO DE CONVIVENCIA E FORTALECIMENTO DE VINCULOS,SCFV,INDIRETA,CENTRO DE CONVIVENCIA,PROTECAO SOCIAL BASICA,PROTECAO SOCIAL BASICA,FAMILIAS,AVENIDA,ITAU,475,DOM CABRAL,POINT (605325.562740111 7797291.65487996)
205,299,CRECHE COMUNITARIA EUNICE LANZA,SERVICO DE CONVIVENCIA E FORTALECIMENTO DE VINCULOS,SCFV,INDIRETA,CENTRO DE CONVIVENCIA,PROTECAO SOCIAL BASICA,PROTECAO SOCIAL BASICA,FAMILIAS,BECO,BANDEIRANTES,140,VILA BANDEIRANTES,POINT (608803.107392583 7793742.75724779)
206,300,CRECHE COMUNITARIA LAR INFANTIL DORCAS - PROJETO AURORA,SERVICO DE CONVIVENCIA E FORTALECIMENTO DE VINCULOS,SCFV,INDIRETA,CENTRO DE CONVIVENCIA,PROTECAO SOCIAL BASICA,PROTECAO SOCIAL BASICA,FAMILIAS,BECO,PRINCIPAL,183,VILA COQUEIRAL,POINT (602071.513451437 7797556.29101405)
207,301,CRECHE ETELVINA CAETANO DE JESUS,SERVICO DE CONVIVENCIA E FORTALECIMENTO DE VINCULOS,SCFV,INDIRETA,CENTRO DE CONVIVENCIA,PROTECAO SOCIAL BASICA,PROTECAO SOCIAL BASICA,FAMILIAS,RUA,MARCAZITA,350,APARECIDA,POINT (609961.046569533 7799433.94882224)
208,302,ESCOLINHA EVANGELICA DE EDUCACAO INFANTIL ; CENTRO DE CONVIVENCIA ESCOLINHA EVANGELICA DE EDUCAÇÃO INFANTIL,SERVICO DE CONVIVENCIA E FORTALECIMENTO DE VINCULOS,SCFV,INDIRETA,CENTRO DE CONVIVENCIA,PROTECAO SOCIAL BASICA,PROTECAO SOCIAL BASICA,FAMILIAS,RUA,OSCAR LOBO PEREIRA,115,PRIMEIRO DE MAIO,POINT (612286.704494769 7803357.77013979)
145,239,CENTRO DE CONVIVENCIA ABRIGO JESUS,SERVICO DE CONVIVENCIA E FORTALECIMENTO DE VINCULOS,SCFV,INDIRETA,CENTRO DE CONVIVENCIA,PROTECAO SOCIAL BASICA,PROTECAO SOCIAL BASICA,FAMILIAS,RUA,COSTA SENNA,959,PADRE EUSTÁQUIO,POINT (606884.761192192 7797564.06943077)
146,240,ACAO SOCIAL FILADELFIA - CENTRO DE CONVIVENCIA ACAO SOCIAL FILADELFIA - CENTRO ESTUDANTIL JOAO CALVINO,SERVICO DE CONVIVENCIA E FORTALECIMENTO DE VINCULOS,SCFV,INDIRETA,CENTRO DE CONVIVENCIA,PROTECAO SOCIAL BASICA,PROTECAO SOCIAL BASICA,FAMILIAS,RUA,EPAMINONDAS OTONI,265,VISTA ALEGRE,POINT (604725.54563407 7793573.22175625)
147,241,ACAO SOCIAL VILLAREGIA,SERVICO DE CONVIVENCIA E FORTALECIMENTO DE VINCULOS,SCFV,INDIRETA,CENTRO DE CONVIVENCIA,PROTECAO SOCIAL BASICA,PROTECAO SOCIAL BASICA,FAMILIAS,RUA,DAS CANOAS,461,ESTRELA DO ORIENTE,POINT (605778.647146642 7792477.70474556)
148,242,AGENCIA ADVENTISTA DE DESENVOLVIMENTO E RECURSOS ASSISTENCIAIS SUDESTE BRASILEIRO – REGIAO ADMINISTRATIVA DE MINAS GERAIS,SERVICO DE CONVIVENCIA E FORTALECIMENTO DE VINCULOS,SCFV,INDIRETA,CENTRO DE CONVIVENCIA,PROTECAO SOCIAL BASICA,PROTECAO SOCIAL BASICA,FAMILIAS,AVENIDA,PORTUGAL,21,JARDIM ATLÂNTICO,POINT (605613.705523189 7806158.97996165)
149,243,ASSOCIACAO 1º DE MAIO DA VILA VISTA ALEGRE (CRECHE PRIMEIRO DE MAIO),SERVICO DE CONVIVENCIA E FORTALECIMENTO DE VINCULOS,SCFV,INDIRETA,CENTRO DE CONVIVENCIA,PROTECAO SOCIAL BASICA,PROTECAO SOCIAL BASICA,FAMILIAS,RUA,HERCULANO MOURAO SALAZAR,95,VILA VISTA ALEGRE,POINT (605500.250951521 7793452.18639264)
150,244,ASSOCIACAO ANTONIO E MARCOS CAVANIS/ CASA DA CRIANCA SANTO ANTONIO,SERVICO DE CONVIVENCIA E FORTALECIMENTO DE VINCULOS,SCFV,INDIRETA,CENTRO DE CONVIVENCIA,PROTECAO SOCIAL BASICA,PROTECAO SOCIAL BASICA,FAMILIAS,BECO,DAS VIOLAS,605,VILA CALIFÓRNIA,POINT (603793.295215501 7797065.29095569)
151,245,"ASSOCIACAO ASSISTENCIAL NOSSA SENHORA DAS DORES; CENTRO DE CONVIVÊNCIA ASSOCIAÇÃO EDUCATIVA, CULTURAL E E ASSISTENCIAL NOSSA SENHORA DAS DORES",SERVICO DE CONVIVENCIA E FORTALECIMENTO DE VINCULOS,SCFV,INDIRETA,CENTRO DE CONVIVENCIA,PROTECAO SOCIAL BASICA,PROTECAO SOCIAL BASICA,FAMILIAS,RUA,LUIZ FERNANDO,152,RIO BRANCO,POINT (606509.130001133 7808059.19317876)
152,246,ASSOCIACAO BENEFICENTE CAMINHAR - INSTITUTO EDUCACIONAL CAMINHAR,SERVICO DE CONVIVENCIA E FORTALECIMENTO DE VINCULOS,SCFV,INDIRETA,CENTRO DE CONVIVENCIA,PROTECAO SOCIAL BASICA,PROTECAO SOCIAL BASICA,FAMILIAS,RUA,CARLOS PINTO COELHO,33,VALE DO JATOBÁ,POINT (600924.219659472 7787557.97614205)
153,247,ASSOCIACAO BENEFICENTE WILSON DE SOUZA - AWISO,SERVICO DE CONVIVENCIA E FORTALECIMENTO DE VINCULOS,SCFV,INDIRETA,CENTRO DE CONVIVENCIA,PROTECAO SOCIAL BASICA,PROTECAO SOCIAL BASICA,FAMILIAS,RUA,JOAQUIM RIBEIRO COSTA,131,PALMARES,POINT (612050.502284911 7801965.20359267)
154,248,ASSOCIACAO BRASILEIRA DE ESCLEROSE TUBEROSA - ABET,SERVICO DE CONVIVENCIA E FORTALECIMENTO DE VINCULOS,SCFV,INDIRETA,CENTRO DE CONVIVENCIA,PROTECAO SOCIAL BASICA,PROTECAO SOCIAL BASICA,FAMILIAS,RUA,FLOR D'AGUA,711,JARDIM ALVORADA,POINT (605633.652220541 7800085.75614875)
155,249,ASSOCIACAO COMUNITARIA CATOLICA KAIROS - COMUNICADE KAIROS,SERVICO DE CONVIVENCIA E FORTALECIMENTO DE VINCULOS,SCFV,INDIRETA,CENTRO DE CONVIVENCIA,PROTECAO SOCIAL BASICA,PROTECAO SOCIAL BASICA,FAMILIAS,RUA,PADRE PEDRO PINTO,1251,VENDA NOVA,POINT (608773.249190387 7808767.35903365)
156,250,ASSOCIACAO COMUNITARIA DO BAIRRO FELICIDADE - ABAFE,SERVICO DE CONVIVENCIA E FORTALECIMENTO DE VINCULOS,SCFV,INDIRETA,CENTRO DE CONVIVENCIA,PROTECAO SOCIAL BASICA,PROTECAO SOCIAL BASICA,FAMILIAS,RUA,SONIA BRAZ XAVIER,87,JARDIM FELICIDADE,POINT (611964.382687084 7807550.30676111)
157,251,"CENTRO DE CONVIVENCIA ASSOCIACAO CREPUSCULO - ARTE, SAUDE E EDUCACAO SEM BARREIRAS",SERVICO DE CONVIVENCIA E FORTALECIMENTO DE VINCULOS,SCFV,INDIRETA,CENTRO DE CONVIVENCIA,PROTECAO SOCIAL BASICA,PROTECAO SOCIAL BASICA,FAMILIAS,RUA,SERTOES,147,PRADO,POINT (608959.704221608 7796071.6732037)
158,252,ASSOCIACAO CRISTA DE MOCOS EM MINAS GERAIS,SERVICO DE CONVIVENCIA E FORTALECIMENTO DE VINCULOS,SCFV,INDIRETA,CENTRO DE CONVIVENCIA,PROTECAO SOCIAL BASICA,PROTECAO SOCIAL BASICA,FAMILIAS,RUA,TIETE,292,CAIÇARAS,POINT (607917.907761566 7798945.01834262)
1,95,CENTRO DE REFERENCIA DE ASSISTENCIA SOCIAL ALTO VERA CRUZ,CENTRO DE REFERENCIA DE ASSISTENCIA SOCIAL,CRAS ,DIRETA,PROTECAO E ATENDIMENTO INTEGRAL A FAMILIA (PAIF),PROTECAO SOCIAL BASICA,PROTECAO SOCIAL BASICA,FAMILIAS,RUA,PADRE JULIO MARIA,1550,ALTO VERA CRUZ,POINT (616222.338781259 7797539.74438207)
2,96,CENTRO DE REFERENCIA DE ASSISTENCIA SOCIAL ARTHUR DE SA - UNIAO,CENTRO DE REFERENCIA DE ASSISTENCIA SOCIAL,CRAS ,DIRETA,PROTECAO E ATENDIMENTO INTEGRAL A FAMILIA (PAIF),PROTECAO SOCIAL BASICA,PROTECAO SOCIAL BASICA,FAMILIAS,RUA,PROFESSOR GERALDO FONTES,30,UNIÃO,POINT (613046.888880414 7801338.44116835)
3,97,CENTRO DE REFERENCIA DE ASSISTENCIA SOCIAL CONFISCO,CENTRO DE REFERENCIA DE ASSISTENCIA SOCIAL,CRAS ,DIRETA,PROTECAO E ATENDIMENTO INTEGRAL A FAMILIA (PAIF),PROTECAO SOCIAL BASICA,PROTECAO SOCIAL BASICA,FAMILIAS,RUA,CECILIA MAGALHAES GOMES,127,CONFISCO,POINT (602713.749280272 7803116.32928437)
4,98,CENTRO DE REFERENCIA DE ASSISTENCIA SOCIAL JARDIM FELICIDADE - NORTE,CENTRO DE REFERENCIA DE ASSISTENCIA SOCIAL,CRAS ,DIRETA,PROTECAO E ATENDIMENTO INTEGRAL A FAMILIA (PAIF),PROTECAO SOCIAL BASICA,PROTECAO SOCIAL BASICA,FAMILIAS,RUA,CECILIA TRINDADE SILVA,55,JARDIM FELICIDADE,POINT (612188.224376342 7806899.40924941)
5,99,CENTRO DE REFERENCIA DE ASSISTENCIA SOCIAL CONJUNTO PAULO VI,CENTRO DE REFERENCIA DE ASSISTENCIA SOCIAL,CRAS ,DIRETA,PROTECAO E ATENDIMENTO INTEGRAL A FAMILIA (PAIF),PROTECAO SOCIAL BASICA,PROTECAO SOCIAL BASICA,FAMILIAS,RUA,NEBLINA,120,CONJUNTO PAULO VI,POINT (616501.229727038 7806677.06450704)
6,100,CENTRO DE REFERENCIA DE ASSISTENCIA SOCIAL VILA COQUEIRAL,CENTRO DE REFERENCIA DE ASSISTENCIA SOCIAL,CRAS ,DIRETA,PROTECAO E ATENDIMENTO INTEGRAL A FAMILIA (PAIF),PROTECAO SOCIAL BASICA,PROTECAO SOCIAL BASICA,FAMILIAS,RUA,RAINHA DAS FLORES,100,VILA COQUEIRAL,POINT (602065.386789125 7797503.48176322)
7,101,CENTRO DE REFERENCIA DE ASSISTENCIA SOCIAL GRANJA DE FREITAS,CENTRO DE REFERENCIA DE ASSISTENCIA SOCIAL,CRAS ,DIRETA,PROTECAO E ATENDIMENTO INTEGRAL A FAMILIA (PAIF),PROTECAO SOCIAL BASICA,PROTECAO SOCIAL BASICA,FAMILIAS,RUA,DO GRUPO,12,GRANJA DE FREITAS,POINT (616929.749763411 7798428.95338615)
8,103,CENTRO DE REFERENCIA DE ASSISTENCIA SOCIAL HAVAI-VENTOSA,CENTRO DE REFERENCIA DE ASSISTENCIA SOCIAL,CRAS ,DIRETA,PROTECAO E ATENDIMENTO INTEGRAL A FAMILIA (PAIF),PROTECAO SOCIAL BASICA,PROTECAO SOCIAL BASICA,FAMILIAS,AVENIDA,COSTA DO MARFIM,480,HAVAÍ,POINT (607687.040612968 7792229.5752516)
10,104,CENTRO DE REFERENCIA DE ASSISTENCIA SOCIAL INDEPENDENCIA,CENTRO DE REFERENCIA DE ASSISTENCIA SOCIAL,CRAS ,DIRETA,PROTECAO E ATENDIMENTO INTEGRAL A FAMILIA (PAIF),PROTECAO SOCIAL BASICA,PROTECAO SOCIAL BASICA,FAMILIAS,RUA,AGUA DA VIDA,14,INDEPENDÊNCIA,POINT (601575.014674688 7786470.26754199)
11,105,CENTRO DE REFERENCIA DE ASSISTENCIA SOCIAL LAGOA,CENTRO DE REFERENCIA DE ASSISTENCIA SOCIAL,CRAS ,DIRETA,PROTECAO E ATENDIMENTO INTEGRAL A FAMILIA (PAIF),PROTECAO SOCIAL BASICA,PROTECAO SOCIAL BASICA,FAMILIAS,RUA,JOSE SABINO MACIEL,120,LAGOA,POINT (604644.835310101 7809278.44500358)
12,106,CENTRO DE REFERENCIA DE ASSISTENCIA SOCIAL MANTIQUEIRA,CENTRO DE REFERENCIA DE ASSISTENCIA SOCIAL,CRAS ,DIRETA,PROTECAO E ATENDIMENTO INTEGRAL A FAMILIA (PAIF),PROTECAO SOCIAL BASICA,PROTECAO SOCIAL BASICA,FAMILIAS,RUA,LUZIA SALOMAO,300,MANTIQUEIRA,POINT (606715.193650089 7810264.05438565)
13,107,CENTRO DE REFERENCIA DE ASSISTENCIA SOCIAL MARIANO DE ABREU,CENTRO DE REFERENCIA DE ASSISTENCIA SOCIAL,CRAS ,DIRETA,PROTECAO E ATENDIMENTO INTEGRAL A FAMILIA (PAIF),PROTECAO SOCIAL BASICA,PROTECAO SOCIAL BASICA,FAMILIAS,RUA,CINCO DE JANEIRO,85,MARIANO DE ABREU,POINT (616176.326970088 7799649.57493217)
14,108,CENTRO DE REFERENCIA DE ASSISTENCIA SOCIAL MORRO DAS PEDRAS - GRACA SABOIA,CENTRO DE REFERENCIA DE ASSISTENCIA SOCIAL,CRAS ,DIRETA,PROTECAO E ATENDIMENTO INTEGRAL A FAMILIA (PAIF),PROTECAO SOCIAL BASICA,PROTECAO SOCIAL BASICA,FAMILIAS,AVENIDA,SILVA LOBO,2379,GRAJAÚ,POINT (608461.226442228 7794515.2300132)
15,109,CENTRO DE REFERENCIA DE ASSISTENCIA SOCIAL NOVO AARAO REIS - BRASILINA MARIA DE OLIVEIRA,CENTRO DE REFERENCIA DE ASSISTENCIA SOCIAL,CRAS ,DIRETA,PROTECAO E ATENDIMENTO INTEGRAL A FAMILIA (PAIF),PROTECAO SOCIAL BASICA,PROTECAO SOCIAL BASICA,FAMILIAS,AVENIDA,RISOLETA NEVES,2400,GUARANI,POINT Z (613560.823475711 7805142.30566436 0)
16,110,CENTRO DE REFERENCIA DE ASSISTENCIA SOCIAL NOVO OURO PRETO,CENTRO DE REFERENCIA DE ASSISTENCIA SOCIAL,CRAS ,DIRETA,PROTECAO E ATENDIMENTO INTEGRAL A FAMILIA (PAIF),PROTECAO SOCIAL BASICA,PROTECAO SOCIAL BASICA,FAMILIAS,RUA,GERALDINA CANDIDA DE JESUS,92,OURO PRETO,POINT (605944.98231778 7801864.37411622)
17,111,CENTRO DE REFERENCIA DE ASSISTENCIA SOCIAL PEDREIRA PRADO LOPES,CENTRO DE REFERENCIA DE ASSISTENCIA SOCIAL,CRAS ,DIRETA,PROTECAO E ATENDIMENTO INTEGRAL A FAMILIA (PAIF),PROTECAO SOCIAL BASICA,PROTECAO SOCIAL BASICA,FAMILIAS,AVENIDA,JOSE BONIFACIO,189,SÃO CRISTÓVÃO,POINT (610175.908534353 7798851.50737651)
18,112,CENTRO DE REFERENCIA DE ASSISTENCIA SOCIAL PETROPOLIS,CENTRO DE REFERENCIA DE ASSISTENCIA SOCIAL,CRAS ,DIRETA,PROTECAO E ATENDIMENTO INTEGRAL A FAMILIA (PAIF),PROTECAO SOCIAL BASICA,PROTECAO SOCIAL BASICA,FAMILIAS,RUA,FREDERICO BOY PRUSSIANO,137,PETRÓPOLIS,POINT (601759.606145097 7786776.45521837)
19,113,CENTRO DE REFERENCIA DE ASSISTENCIA SOCIAL PROVIDENCIA,CENTRO DE REFERENCIA DE ASSISTENCIA SOCIAL,CRAS ,DIRETA,PROTECAO E ATENDIMENTO INTEGRAL A FAMILIA (PAIF),PROTECAO SOCIAL BASICA,PROTECAO SOCIAL BASICA,FAMILIAS,RUA,SAO SEBASTIAO,140,MINASLÂNDIA,POINT Z (611911.810660688 7804383.40239173 0)
21,115,CENTRO DE REFERENCIA DE ASSISTENCIA SOCIAL VILA SUMARE,CENTRO DE REFERENCIA DE ASSISTENCIA SOCIAL,CRAS ,DIRETA,PROTECAO E ATENDIMENTO INTEGRAL A FAMILIA (PAIF),PROTECAO SOCIAL BASICA,PROTECAO SOCIAL BASICA,FAMILIAS,RUA,CIRILO GASPAR DE ARAUJO,522,APARECIDA SÉTIMA SEÇÃO,POINT (608392.208725471 7800328.59671926)
22,116,CENTRO DE REFERENCIA DE ASSISTENCIA SOCIAL TAQUARIL,CENTRO DE REFERENCIA DE ASSISTENCIA SOCIAL,CRAS ,DIRETA,PROTECAO E ATENDIMENTO INTEGRAL A FAMILIA (PAIF),PROTECAO SOCIAL BASICA,PROTECAO SOCIAL BASICA,FAMILIAS,RUA,PEDRO DE SINTRA,77,TAQUARIL,POINT (616854.374500701 7797235.21636786)
24,118,CENTRO DE REFERENCIA DE ASSISTENCIA SOCIAL APOLONIA,CENTRO DE REFERENCIA DE ASSISTENCIA SOCIAL,CRAS ,DIRETA,PROTECAO E ATENDIMENTO INTEGRAL A FAMILIA (PAIF),PROTECAO SOCIAL BASICA,PROTECAO SOCIAL BASICA,FAMILIAS,RUA,VISCONDE DE ITABORAI,304,JARDIM LEBLON,POINT (606050.397191259 7807151.8378683)
26,120,CENTRO DE REFERENCIA DE ASSISTENCIA SOCIAL CALIFORNIA,CENTRO DE REFERENCIA DE ASSISTENCIA SOCIAL,CRAS ,DIRETA,PROTECAO E ATENDIMENTO INTEGRAL A FAMILIA (PAIF),PROTECAO SOCIAL BASICA,PROTECAO SOCIAL BASICA,FAMILIAS,AVENIDA,AVAI,700,VILA CALIFÓRNIA,POINT (603838.416475488 7797168.78988878)
27,121,CENTRO DE REFERENCIA DE ASSISTENCIA SOCIAL VILA CEMIG,CENTRO DE REFERENCIA DE ASSISTENCIA SOCIAL,CRAS ,DIRETA,PROTECAO E ATENDIMENTO INTEGRAL A FAMILIA (PAIF),PROTECAO SOCIAL BASICA,PROTECAO SOCIAL BASICA,FAMILIAS,RUA,FAISAO,1071,FLÁVIO MARQUES LISBOA,POINT (605367.872167193 7788402.91415737)
29,123,CENTRO DE REFERENCIA DE ASSISTENCIA SOCIAL VILA MARCOLA,CENTRO DE REFERENCIA DE ASSISTENCIA SOCIAL,CRAS ,DIRETA,PROTECAO E ATENDIMENTO INTEGRAL A FAMILIA (PAIF),PROTECAO SOCIAL BASICA,PROTECAO SOCIAL BASICA,FAMILIAS,RUA,ENGENHEIRO LUCAS JULIO PROENCA,73,SERRA,POINT (613879.983021325 7794938.9137736)
30,124,CENTRO DE REFERENCIA DE ASSISTENCIA SOCIAL VILA MARIA,CENTRO DE REFERENCIA DE ASSISTENCIA SOCIAL,CRAS ,DIRETA,PROTECAO E ATENDIMENTO INTEGRAL A FAMILIA (PAIF),PROTECAO SOCIAL BASICA,PROTECAO SOCIAL BASICA,FAMILIAS,RUA,DOS ARGENTINOS,105,JARDIM VITÓRIA,POINT (616430.851445972 7804339.2303664)
31,125,CENTRO DE REFERENCIA DE ASSISTENCIA SOCIAL VILA SANTA RITA DE CASSIA,CENTRO DE REFERENCIA DE ASSISTENCIA SOCIAL,CRAS ,DIRETA,PROTECAO E ATENDIMENTO INTEGRAL A FAMILIA (PAIF),PROTECAO SOCIAL BASICA,PROTECAO SOCIAL BASICA,FAMILIAS,RUA,SAO TOMAZ DE AQUINO,640,SANTA RITA DE CÁSSIA,POINT (610755.896484599 7793294.8284224)
33,127,CENTRO DE REFERENCIA DE ASSISTENCIA SOCIAL VILA SENHOR DOS PASSOS,CENTRO DE REFERENCIA DE ASSISTENCIA SOCIAL,CRAS ,DIRETA,PROTECAO E ATENDIMENTO INTEGRAL A FAMILIA (PAIF),PROTECAO SOCIAL BASICA,PROTECAO SOCIAL BASICA,FAMILIAS,RUA,EVARISTO DA VEIGA,239,SENHOR DOS PASSOS,POINT (610043.801862888 7798591.43031444)
34,128,CENTRO DE REFERENCIA DE ASSISTENCIA SOCIAL VISTA ALEGRE,CENTRO DE REFERENCIA DE ASSISTENCIA SOCIAL,CRAS ,DIRETA,PROTECAO E ATENDIMENTO INTEGRAL A FAMILIA (PAIF),PROTECAO SOCIAL BASICA,PROTECAO SOCIAL BASICA,FAMILIAS,RUA,AGUANIL,425,VISTA ALEGRE,POINT (605018.00923956 7793308.92555297)
36,130,CENTRO DE REFERENCIA ESPECIALIZADO DE ASSISTENCIA SOCIAL BARREIRO,CENTRO DE REFERENCIA ESPECIALIZADO DE ASSISTENCIA SOCIAL,CREAS ,DIRETA,PROTECAO E ATENDIMENTO ESPECIALIZADO A FAMILIAS E INDIVIDUOS (PAEFI),PROTECAO SOCIAL ESPECIAL DE MEDIA COMPLEXIDADE,PROTECAO SOCIAL ESPECIAL DE MEDIA COMPLEXIDADE,FAMILIAS E INDIVIDUOS,RUA,DAVID FONSECA,1147,MILIONÁRIOS,POINT (604363.833428183 7790051.85851953)
38,132,CENTRO DE REFERENCIA ESPECIALIZADO DE ASSISTENCIA SOCIAL LESTE,CENTRO DE REFERENCIA ESPECIALIZADO DE ASSISTENCIA SOCIAL,CREAS ,DIRETA,PROTECAO E ATENDIMENTO ESPECIALIZADO A FAMILIAS E INDIVIDUOS (PAEFI),PROTECAO SOCIAL ESPECIAL DE MEDIA COMPLEXIDADE,PROTECAO SOCIAL ESPECIAL DE MEDIA COMPLEXIDADE,FAMILIAS E INDIVIDUOS,RUA,SALINAS,1447,SANTA TEREZA,POINT (612900.508652472 7797576.23695411)
39,133,CENTRO DE REFERENCIA ESPECIALIZADO DE ASSISTENCIA SOCIAL NORDESTE,CENTRO DE REFERENCIA ESPECIALIZADO DE ASSISTENCIA SOCIAL,CREAS ,DIRETA,PROTECAO E ATENDIMENTO ESPECIALIZADO A FAMILIAS E INDIVIDUOS (PAEFI),PROTECAO SOCIAL ESPECIAL DE MEDIA COMPLEXIDADE,PROTECAO SOCIAL ESPECIAL DE MEDIA COMPLEXIDADE,FAMILIAS E INDIVIDUOS,AVENIDA,CRISTIANO MACHADO,573,GRAÇA,POINT (611794.089510683 7798868.63389046)
43,137,CENTRO DE REFERENCIA ESPECIALIZADO DE ASSISTENCIA SOCIAL PAMPULHA,CENTRO DE REFERENCIA ESPECIALIZADO DE ASSISTENCIA SOCIAL,CREAS ,DIRETA,PROTECAO E ATENDIMENTO ESPECIALIZADO A FAMILIAS E INDIVIDUOS (PAEFI),PROTECAO SOCIAL ESPECIAL DE MEDIA COMPLEXIDADE,PROTECAO SOCIAL ESPECIAL DE MEDIA COMPLEXIDADE,FAMILIAS E INDIVIDUOS,AVENIDA,PRESIDENTE ANTONIO CARLOS,7596,SÃO LUÍZ,POINT (608860.226356021 7804110.35695292)
44,138,CENTRO DE REFERENCIA ESPECIALIZADO DE ASSISTENCIA SOCIAL VENDA NOVA,CENTRO DE REFERENCIA ESPECIALIZADO DE ASSISTENCIA SOCIAL,CREAS ,DIRETA,PROTECAO E ATENDIMENTO ESPECIALIZADO A FAMILIAS E INDIVIDUOS (PAEFI),PROTECAO SOCIAL ESPECIAL DE MEDIA COMPLEXIDADE,PROTECAO SOCIAL ESPECIAL DE MEDIA COMPLEXIDADE,FAMILIAS E INDIVIDUOS,RUA,LOURDES PAULA CORDEIRO,155,VENDA NOVA,POINT (608945.142060581 7808656.32163499)
